INSERT INTO `ejournal`.`users` (`id`, `email`, `first_name`, `middle_name`, `last_name`, `username`, `password`)
VALUES
('be3141ea-4ad3-4a94-82ef-d894bc6bb858', 'yordan@gmail.com', 'Йордан', 'Йорданов', 'Йорданов', 'yordan.yordanov', '$2a$10$h8GW9Ff7oK8I0wuK39XXYenJvbaRNwQYNN8GUnmabmsNqaT3e9DmG'),
('3ddccae1-ada0-4fff-aff1-cb9b4166d6d7', 'yordanka@gmail.com', 'Йорданка', 'Йорданова', 'Йорданова', 'yordanka.yordanova', '$2a$10$h8GW9Ff7oK8I0wuK39XXYenJvbaRNwQYNN8GUnmabmsNqaT3e9DmG'),
('f3350cc0-9553-4322-a6ae-a84fc3b21de9', 'adrian@gmail.com', 'Адриан', 'Адрианов', 'Адрианов', 'adrian.adrianov', '$2a$10$h8GW9Ff7oK8I0wuK39XXYenJvbaRNwQYNN8GUnmabmsNqaT3e9DmG'),
('4df20a3e-4e8f-437e-8f6d-cfed65d35094', 'adriana@gmail.com', 'Адрианa', 'Адриановa', 'Адриановa', 'adriana.adrianova', '$2a$10$h8GW9Ff7oK8I0wuK39XXYenJvbaRNwQYNN8GUnmabmsNqaT3e9DmG'),
('14cc166f-cf7b-4cc5-a72c-8975d33e603e', 'adelina@gmail.com', 'Аделина', 'Аделинова', 'Аделинова', 'adelina.adelinova', '$2a$10$h8GW9Ff7oK8I0wuK39XXYenJvbaRNwQYNN8GUnmabmsNqaT3e9DmG'),
('f29e7bc4-d74a-41c8-a869-21f69270160a', 'adelin@gmail.com', 'Аедлин', 'Аделинов', 'Аделинов', 'adelin.adelinov', '$2a$10$h8GW9Ff7oK8I0wuK39XXYenJvbaRNwQYNN8GUnmabmsNqaT3e9DmG'),
('a8aa6b68-9c70-4052-b89d-508518bf418b', 'atanas@gmail.com', 'Атанас', 'Атанасов', 'Атанасов', 'atanas.atanasov', '$2a$10$h8GW9Ff7oK8I0wuK39XXYenJvbaRNwQYNN8GUnmabmsNqaT3e9DmG'),
('0133d0cc-358c-4f87-b4e0-b7162dcff42c', 'atanaska@gmail.com', 'Атанаска', 'Атанасова', 'Атанасова', 'atanaska.atanasova', '$2a$10$h8GW9Ff7oK8I0wuK39XXYenJvbaRNwQYNN8GUnmabmsNqaT3e9DmG'),
('8b7e7fb1-3018-44b0-90ef-a69e367d3662', 'anton@gmail.com', 'Антон', 'Антонов', 'Антонов', 'anton.antonov', '$2a$10$h8GW9Ff7oK8I0wuK39XXYenJvbaRNwQYNN8GUnmabmsNqaT3e9DmG'),
('326aa40a-59c3-41ff-b2f9-61d179d066a4', 'antoniya@gmail.com', 'Антония', 'Антонова', 'Антонова', 'antoniya.antonova', '$2a$10$h8GW9Ff7oK8I0wuK39XXYenJvbaRNwQYNN8GUnmabmsNqaT3e9DmG'),
('3a6a960f-f2f3-41ab-bcdf-cc76c3c4726b', 'asen@gmail.com', 'Асен', 'Асенов', 'Асенов', 'asen.asenov', '$2a$10$h8GW9Ff7oK8I0wuK39XXYenJvbaRNwQYNN8GUnmabmsNqaT3e9DmG'),
('7f39e970-9dd4-4708-8247-5422784971bc', 'asenка@gmail.com', 'Асенка', 'Асенова', 'Асенова', 'asen.asenova', '$2a$10$h8GW9Ff7oK8I0wuK39XXYenJvbaRNwQYNN8GUnmabmsNqaT3e9DmG'),
('383eb76b-1392-4c56-8af9-5c33cf22cbcb', 'borischo@gmail.com', 'Борисчо', 'Борисов', 'Борисов', 'borischo.borisov', '$2a$10$h8GW9Ff7oK8I0wuK39XXYenJvbaRNwQYNN8GUnmabmsNqaT3e9DmG'),
('28e62c28-7712-481a-9e44-e3526c93438d', 'borisa@gmail.com', 'Борисa', 'Борисовa', 'Борисовa', 'borisa.borisova', '$2a$10$h8GW9Ff7oK8I0wuK39XXYenJvbaRNwQYNN8GUnmabmsNqaT3e9DmG'),
('e7ac9c3b-4f87-43ca-a10f-eb4ab4888844', 'borislava@gmail.com', 'Борислава', 'Бориславова', 'Бориславова', 'borislava.borislavova', '$2a$10$h8GW9Ff7oK8I0wuK39XXYenJvbaRNwQYNN8GUnmabmsNqaT3e9DmG'),
('b95348b7-ff0b-482b-8866-304ff6a82d81', 'borislav@gmail.com', 'Борислав', 'Бориславов', 'Бориславов', 'borislav.borislavov', '$2a$10$h8GW9Ff7oK8I0wuK39XXYenJvbaRNwQYNN8GUnmabmsNqaT3e9DmG'),
('d6c4cc95-2149-4ca7-b489-1ee6d3775813', 'boyan@gmail.com', 'Боян', 'Боянов', 'Боянов', 'boyan.boyanov', '$2a$10$h8GW9Ff7oK8I0wuK39XXYenJvbaRNwQYNN8GUnmabmsNqaT3e9DmG'),
('af90b788-da47-440a-91e1-f37dfb8e95e2', 'boyana@gmail.com', 'Бояна', 'Боянова', 'Боянова', 'boyana.boyanova', '$2a$10$h8GW9Ff7oK8I0wuK39XXYenJvbaRNwQYNN8GUnmabmsNqaT3e9DmG'),
('d3bb5bd1-541b-489c-864a-7cd290a23a9d', 'bozhidar@gmail.com', 'Божидар', 'Божидаров', 'Божидаров', 'bozhidar.bozhidarov', '$2a$10$h8GW9Ff7oK8I0wuK39XXYenJvbaRNwQYNN8GUnmabmsNqaT3e9DmG'),
('43c5f9b2-c8b2-426c-99b1-740d6515ba72', 'bozhidara@gmail.com', 'Божидара', 'Божидарова', 'Божидарова', 'bozhidara.bozhidara', '$2a$10$h8GW9Ff7oK8I0wuK39XXYenJvbaRNwQYNN8GUnmabmsNqaT3e9DmG'),

('90dabf24-ea5c-420e-96e4-a13bad292d3f', 'biser@gmail.com', 'Бисер', 'Бисеров', 'Бисеров', 'biser.biserov', '$2a$10$h8GW9Ff7oK8I0wuK39XXYenJvbaRNwQYNN8GUnmabmsNqaT3e9DmG'),
('c4571bb5-5d5b-4595-85b2-cdb6afdaaa48', 'bisera@gmail.com', 'Бисера', 'Бисерова', 'Бисерова', 'bisera.biserova', '$2a$10$h8GW9Ff7oK8I0wuK39XXYenJvbaRNwQYNN8GUnmabmsNqaT3e9DmG'),
('a8a2e603-1b40-45e8-a4e4-cef2ad70c1ae', 'bilyan@gmail.com', 'Билян', 'Билянов', 'Билянов', 'bilyan.bilyanov', '$2a$10$h8GW9Ff7oK8I0wuK39XXYenJvbaRNwQYNN8GUnmabmsNqaT3e9DmG'),
('151470e2-7429-4b61-b09d-66f0b9758354', 'bilyana@gmail.com', 'Биляна', 'Билянова', 'Билянова', 'bilyana.bilyanova', '$2a$10$h8GW9Ff7oK8I0wuK39XXYenJvbaRNwQYNN8GUnmabmsNqaT3e9DmG'),
('f34d52b6-0be4-4e29-8e6f-ac569ada3ada', 'blago@gmail.com', 'Благо', 'Благоев', 'Благоев', 'blago.blagoev', '$2a$10$h8GW9Ff7oK8I0wuK39XXYenJvbaRNwQYNN8GUnmabmsNqaT3e9DmG'),
('83eacb20-a398-484c-a3b7-a983be631a4f', 'blaga@gmail.com', 'Блага', 'Благоева', 'Благоева', 'blaga.blagoeva', '$2a$10$h8GW9Ff7oK8I0wuK39XXYenJvbaRNwQYNN8GUnmabmsNqaT3e9DmG'),
('c40c7654-37df-43a3-9ef3-34b14cc6ecd1', 'blagoy@gmail.com', 'Благой', 'Благоев', 'Благоев', 'blagoy.blagoev', '$2a$10$h8GW9Ff7oK8I0wuK39XXYenJvbaRNwQYNN8GUnmabmsNqaT3e9DmG'),
('926c01bc-e258-4e7e-9be8-9c60a896f1dd', 'blagoya@gmail.com', 'Благоя', 'Благоева', 'Благоева', 'blagoya.blagoeva', '$2a$10$h8GW9Ff7oK8I0wuK39XXYenJvbaRNwQYNN8GUnmabmsNqaT3e9DmG'),
('a51cf472-3992-4154-8c83-e9ba2f840d8b', 'blagovest@gmail.com', 'Благовест', 'Благовестов', 'Благовестов', 'blagovest.blagovestov', '$2a$10$h8GW9Ff7oK8I0wuK39XXYenJvbaRNwQYNN8GUnmabmsNqaT3e9DmG'),
('7016c166-aaa4-4645-b05f-3e9608ec2e75', 'blagovesta@gmail.com', 'Благовест', 'Благовестова', 'Благовестова', 'blagovesta.blagovestova', '$2a$10$h8GW9Ff7oK8I0wuK39XXYenJvbaRNwQYNN8GUnmabmsNqaT3e9DmG'),
('49dd02b1-8cb3-40ec-b708-ed7f11a842b0', 'blagomir@gmail.com', 'Благомир', 'Благомиров', 'Благомиров', 'blagomir.blagomirov', '$2a$10$h8GW9Ff7oK8I0wuK39XXYenJvbaRNwQYNN8GUnmabmsNqaT3e9DmG'),
('55e0dda8-01c9-449d-afbb-02900d1fe359', 'blagomira@gmail.com', 'Благомира', 'Благомирова', 'Благомирова', 'blagomira.blagomirova', '$2a$10$h8GW9Ff7oK8I0wuK39XXYenJvbaRNwQYNN8GUnmabmsNqaT3e9DmG'),
('aa807b47-a69d-4848-b0e4-474a5caea753', 'blagosvet@gmail.com', 'Благосвет', 'Благосветов', 'Благосветов', 'blagosvet.blagosvetov', '$2a$10$h8GW9Ff7oK8I0wuK39XXYenJvbaRNwQYNN8GUnmabmsNqaT3e9DmG'),
('6d23f1ba-003a-47fc-b0d6-56f4b2236c62', 'blagosvetа@gmail.com', 'Благосвета', 'Благосветова', 'Благосветова', 'blagosveta.blagosvetova', '$2a$10$h8GW9Ff7oK8I0wuK39XXYenJvbaRNwQYNN8GUnmabmsNqaT3e9DmG'),
('90324fc4-772f-47b2-bb6b-dfbd39fcd94f', 'bogdan@gmail.com', 'Богдан', 'Богданов', 'Богданов', 'bogdan.bogdanov', '$2a$10$h8GW9Ff7oK8I0wuK39XXYenJvbaRNwQYNN8GUnmabmsNqaT3e9DmG'),
('f79dbefb-a1a8-4938-bb77-3bd822eca16a', 'bogdana@gmail.com', 'Богдана', 'Богданова', 'Богданова', 'bogdana.bogdanovа', '$2a$10$h8GW9Ff7oK8I0wuK39XXYenJvbaRNwQYNN8GUnmabmsNqaT3e9DmG'),
('4ea369b4-2c56-4e0e-95e1-5cf5cc5a6657', 'bogomil@gmail.com', 'Богомил', 'Богомилов', 'Богомилов', 'bogomil.bogomilov', '$2a$10$h8GW9Ff7oK8I0wuK39XXYenJvbaRNwQYNN8GUnmabmsNqaT3e9DmG'),
('f8eee5ae-51ba-4b41-8044-55bec3edfbb5', 'bogomila@gmail.com', 'Богомила', 'Богомилова', 'Богомилова', 'bogomila.bogomilova', '$2a$10$h8GW9Ff7oK8I0wuK39XXYenJvbaRNwQYNN8GUnmabmsNqaT3e9DmG'),
('d541d532-e7fa-4a3f-a67b-2ece82a3fdd9', 'boboslav@gmail.com', 'Богослав', 'Богославов', 'Богославов', 'boboslav.boboslavov', '$2a$10$h8GW9Ff7oK8I0wuK39XXYenJvbaRNwQYNN8GUnmabmsNqaT3e9DmG'),
('4aca53b1-10fa-409f-a9b8-d804ff58bc65', 'boboslava@gmail.com', 'Богослава', 'Богославова', 'Богославова', 'boboslava.boboslavova', '$2a$10$h8GW9Ff7oK8I0wuK39XXYenJvbaRNwQYNN8GUnmabmsNqaT3e9DmG'),

('6c1b2951-80bb-4a16-a298-49899b2e9614', 'boyko@gmail.com', 'Бойко', 'Бойков', 'Бойков', 'boyko.boykoov', '$2a$10$h8GW9Ff7oK8I0wuK39XXYenJvbaRNwQYNN8GUnmabmsNqaT3e9DmG'),
('48f7e348-dc82-4e26-8967-44e0ef0d5812', 'boyka@gmail.com', 'Бойка', 'Бойкова', 'Бойкова', 'boyka.boykoova', '$2a$10$h8GW9Ff7oK8I0wuK39XXYenJvbaRNwQYNN8GUnmabmsNqaT3e9DmG'),
('785f0077-2eaf-40a2-ae77-04fc76b4d04a', 'boil@gmail.com', 'Боил', 'Боилов', 'Боилов', 'boil.boilov', '$2a$10$h8GW9Ff7oK8I0wuK39XXYenJvbaRNwQYNN8GUnmabmsNqaT3e9DmG'),
('f9913b27-715a-461b-9cfe-778e7bb5a072', 'boila@gmail.com', 'Боила', 'Боилова', 'Боилова', 'boila.boilova', '$2a$10$h8GW9Ff7oK8I0wuK39XXYenJvbaRNwQYNN8GUnmabmsNqaT3e9DmG'),
('9e93dafe-797c-4439-a9cf-79929bfb9f2b', 'boril@gmail.com', 'Борил', 'Борилов', 'Борилов', 'boril.borilov', '$2a$10$h8GW9Ff7oK8I0wuK39XXYenJvbaRNwQYNN8GUnmabmsNqaT3e9DmG'),
('c62884d4-6936-401b-859a-1260355440ca', 'borila@gmail.com', 'Борила', 'Борилова', 'Борилова', 'borila.borilova', '$2a$10$h8GW9Ff7oK8I0wuK39XXYenJvbaRNwQYNN8GUnmabmsNqaT3e9DmG'),
('11272dee-4aa7-4907-9cf9-a1307bde44f0', 'bocho@gmail.com', 'Бочо', 'Бочев', 'Бочев', 'bocho.bochev', '$2a$10$h8GW9Ff7oK8I0wuK39XXYenJvbaRNwQYNN8GUnmabmsNqaT3e9DmG'),
('c25cc448-b238-4bcc-af04-142ccb50e8b0', 'bochka@gmail.com', 'Бочка', 'Бочева', 'Бочева', 'bochka.bocheva', '$2a$10$h8GW9Ff7oK8I0wuK39XXYenJvbaRNwQYNN8GUnmabmsNqaT3e9DmG'),
('3f6893fa-e8b4-4ceb-b579-36140eb834a1', 'branimir@gmail.com', 'Бранимир', 'Бранимиров', 'Бранимиров', 'branimir.branimirov', '$2a$10$h8GW9Ff7oK8I0wuK39XXYenJvbaRNwQYNN8GUnmabmsNqaT3e9DmG'),
('abe32158-ecbf-468d-b7dc-e35468f4ae12', 'branimira@gmail.com', 'Бранимира', 'Бранимирова', 'Бранимирова', 'branimira.branimirova', '$2a$10$h8GW9Ff7oK8I0wuK39XXYenJvbaRNwQYNN8GUnmabmsNqaT3e9DmG'),
('7b04c0fb-23e2-4f26-b1d3-ede9d1d7fc0f', 'branislav@gmail.com', 'Бранислав', 'Браниславов', 'Браниславов', 'branislav.branislavov', '$2a$10$h8GW9Ff7oK8I0wuK39XXYenJvbaRNwQYNN8GUnmabmsNqaT3e9DmG'),
('4f337a27-8309-4277-b3a8-4447c5e4f54d', 'branislava@gmail.com', 'Бранислава', 'Браниславова', 'Браниславова', 'branislava.branislavova', '$2a$10$h8GW9Ff7oK8I0wuK39XXYenJvbaRNwQYNN8GUnmabmsNqaT3e9DmG'),
('07083919-aa2d-4c51-b089-af857395669b', 'bratan@gmail.com', 'Братан', 'Братанов', 'Братанов', 'bratan.bratanov', '$2a$10$h8GW9Ff7oK8I0wuK39XXYenJvbaRNwQYNN8GUnmabmsNqaT3e9DmG'),
('bae40dad-5827-4fbb-92d6-4c7e7ca7669b', 'bratana@gmail.com', 'Братана', 'Братанова', 'Братанова', 'bratana.bratanova', '$2a$10$h8GW9Ff7oK8I0wuK39XXYenJvbaRNwQYNN8GUnmabmsNqaT3e9DmG'),
('380bb00e-f83e-4fa4-bdd6-460d0177b43c', 'bratislav@gmail.com', 'Братислав', 'Братиславов', 'Братиславов', 'bratislav.bratislavov', '$2a$10$h8GW9Ff7oK8I0wuK39XXYenJvbaRNwQYNN8GUnmabmsNqaT3e9DmG'),
('ee80c447-aa8c-4647-801f-855f9e055655', 'bratislavа@gmail.com', 'Братислава', 'Братиславова', 'Братиславова', 'bratislava.bratislavova', '$2a$10$h8GW9Ff7oK8I0wuK39XXYenJvbaRNwQYNN8GUnmabmsNqaT3e9DmG'),
('d1ff210a-2a26-42b0-aaeb-952e2ce8da8c', 'brayan@gmail.com', 'Браян', 'Браянов', 'Браянов', 'brayan.brayanov', '$2a$10$h8GW9Ff7oK8I0wuK39XXYenJvbaRNwQYNN8GUnmabmsNqaT3e9DmG'),
('945bd47b-d4d1-4ddf-b9fc-e3d86ae9487c', 'brayana@gmail.com', 'Браяна', 'Браянова', 'Браянова', 'brayana.brayanov', '$2a$10$h8GW9Ff7oK8I0wuK39XXYenJvbaRNwQYNN8GUnmabmsNqaT3e9DmG'),
('384ec424-0d35-4a72-983b-ca3a3b3ce93c', 'bronislav@gmail.com', 'Бранислав', 'Браниславов', 'Браниславов', 'bronislav.bronislavov', '$2a$10$h8GW9Ff7oK8I0wuK39XXYenJvbaRNwQYNN8GUnmabmsNqaT3e9DmG'),
('2bc2a0f2-73f3-4f69-ada1-bf91de89352f', 'bronislava@gmail.com', 'Бранислава', 'Браниславова', 'Браниславова', 'bronislava.bronislavov', '$2a$10$h8GW9Ff7oK8I0wuK39XXYenJvbaRNwQYNN8GUnmabmsNqaT3e9DmG'),

('562ee5a5-780a-4bc6-8814-cfc3e6e6493e', 'vaklin@gmail.com', 'Ваклин', 'Ваклинов', 'Ваклинов', 'vaklin.vaklinov', '$2a$10$h8GW9Ff7oK8I0wuK39XXYenJvbaRNwQYNN8GUnmabmsNqaT3e9DmG'),
('c9bc2a35-b3a0-47d6-983e-af13b8142af9', 'vaklina@gmail.com', 'Ваклина', 'Ваклинова', 'Ваклинова', 'vaklina.vaklinov', '$2a$10$h8GW9Ff7oK8I0wuK39XXYenJvbaRNwQYNN8GUnmabmsNqaT3e9DmG'),
('7dd43879-98b7-48d4-a02f-6d2b245e9e9d', 'vakrilen@gmail.com', 'Ваклирен', 'Ваклиренов', 'Ваклиренов', 'vakrilen.vakrilenov', '$2a$10$h8GW9Ff7oK8I0wuK39XXYenJvbaRNwQYNN8GUnmabmsNqaT3e9DmG'),
('c782f47e-138d-4bdb-b3ea-1f1350d46609', 'vakrilena@gmail.com', 'Ваклирена', 'Ваклиренова', 'Ваклиренова', 'vakrilena.vakrilenov', '$2a$10$h8GW9Ff7oK8I0wuK39XXYenJvbaRNwQYNN8GUnmabmsNqaT3e9DmG'),
('fe3ca1dc-9a1c-40a5-bca3-5b4f78d0b971', 'valentin@gmail.com', 'Валентин', 'Валентинов', 'Валентинов', 'valentin.valentinov', '$2a$10$h8GW9Ff7oK8I0wuK39XXYenJvbaRNwQYNN8GUnmabmsNqaT3e9DmG'),
('fea0e3ae-1a41-4004-80e0-2aa99cdf8bac', 'valentina@gmail.com', 'Валентина', 'Валентинов', 'Валентинов', 'valentina.valentinova', '$2a$10$h8GW9Ff7oK8I0wuK39XXYenJvbaRNwQYNN8GUnmabmsNqaT3e9DmG'),
('45ae489c-60bd-4022-ae0f-ea5d15c26359', 'vangel@gmail.com', 'Вангел', 'Вангелов', 'Вангелов', 'vangel.vangelov', '$2a$10$h8GW9Ff7oK8I0wuK39XXYenJvbaRNwQYNN8GUnmabmsNqaT3e9DmG'),
('dd0e6bbe-f734-4cd2-a314-a8599e1bef85', 'vangela@gmail.com', 'Вангела', 'Вангелова', 'Вангелова', 'vangela.vangelov', '$2a$10$h8GW9Ff7oK8I0wuK39XXYenJvbaRNwQYNN8GUnmabmsNqaT3e9DmG'),
('04c25800-4b18-43d4-92cd-35eb85c7ee84', 'vanislav@gmail.com', 'Ванислав', 'Ваниславов', 'Ваниславов', 'vanislav.vanislavov', '$2a$10$h8GW9Ff7oK8I0wuK39XXYenJvbaRNwQYNN8GUnmabmsNqaT3e9DmG'),
('cb8cd203-74bc-4ad7-a28f-34b2052ffa1f', 'vanislava@gmail.com', 'Ванислава', 'Ваниславова', 'Ваниславова', 'vanislava.vanislavova', '$2a$10$h8GW9Ff7oK8I0wuK39XXYenJvbaRNwQYNN8GUnmabmsNqaT3e9DmG'),
('15724ffc-fbf1-4bc1-be72-3e737e7b1ada', 'vanyo@gmail.com', 'Ваньо', 'Ваньов', 'Ваньов', 'vanyo.vanyov', '$2a$10$h8GW9Ff7oK8I0wuK39XXYenJvbaRNwQYNN8GUnmabmsNqaT3e9DmG'),
('3a61762d-4ba9-40b1-a201-2ea06b35c36c', 'vanya@gmail.com', 'Ваня', 'Ваньова', 'Ваньова', 'vanya.vanyov', '$2a$10$h8GW9Ff7oK8I0wuK39XXYenJvbaRNwQYNN8GUnmabmsNqaT3e9DmG'),
('15f6de93-0ab3-4df7-b92e-e44f58dd42ea', 'varadin@gmail.com', 'Варадин', 'Варадинов', 'Варадинов', 'varadin.varadinov', '$2a$10$h8GW9Ff7oK8I0wuK39XXYenJvbaRNwQYNN8GUnmabmsNqaT3e9DmG'),
('4a49837c-d3bc-458c-8fee-525b2a4f1533', 'varadina@gmail.com', 'Варадин', 'Варадинова', 'Варадинова', 'varadina.varadinova', '$2a$10$h8GW9Ff7oK8I0wuK39XXYenJvbaRNwQYNN8GUnmabmsNqaT3e9DmG'),
('038854cf-d9f3-4f35-9b0d-01204b23958d', 'vasil@gmail.com', 'Васил', 'Василов', 'Василов', 'vasil.vasilov', '$2a$10$h8GW9Ff7oK8I0wuK39XXYenJvbaRNwQYNN8GUnmabmsNqaT3e9DmG'),
('6e1e1685-0d87-4b9d-affd-4944ed05af1a', 'vasilka@gmail.com', 'Василка', 'Василова', 'Василова', 'vasilka.vasilova', '$2a$10$h8GW9Ff7oK8I0wuK39XXYenJvbaRNwQYNN8GUnmabmsNqaT3e9DmG'),
('331ea376-52f6-424f-8f00-036a2c5f4ace', 'vasilen@gmail.com', 'Василен', 'Василенов', 'Василенов', 'vasilen.vasilenov', '$2a$10$h8GW9Ff7oK8I0wuK39XXYenJvbaRNwQYNN8GUnmabmsNqaT3e9DmG'),
('d9f40bc8-a329-4250-9dae-6e9168151129', 'vasilena@gmail.com', 'Василена', 'Василенов', 'Василенов', 'vasilena.vasilenova', '$2a$10$h8GW9Ff7oK8I0wuK39XXYenJvbaRNwQYNN8GUnmabmsNqaT3e9DmG'),
('d9c8a1f3-05b7-4f1f-9f39-45b83d27f046', 'vasko@gmail.com', 'Васко', 'Васков', 'Васков', 'vasko.vaskov', '$2a$10$h8GW9Ff7oK8I0wuK39XXYenJvbaRNwQYNN8GUnmabmsNqaT3e9DmG'),
('2af773b2-8e72-489d-98ff-1120d8db2a0c', 'vaska@gmail.com', 'Васка', 'Васкова', 'Васкова', 'vaska.vaskova', '$2a$10$h8GW9Ff7oK8I0wuK39XXYenJvbaRNwQYNN8GUnmabmsNqaT3e9DmG'),

('dca76e54-0e91-49ea-8884-89ff28c37e07', 'velizar@gmail.com', 'Велизар', 'Велизаров', 'Велизаров', 'velizar.velizarov', '$2a$10$h8GW9Ff7oK8I0wuK39XXYenJvbaRNwQYNN8GUnmabmsNqaT3e9DmG'),
('9930b28e-f134-4683-8f4f-b2a17e6c06dc', 'velizara@gmail.com', 'Велизар', 'Велизарова', 'Велизарова', 'velizara.velizarova', '$2a$10$h8GW9Ff7oK8I0wuK39XXYenJvbaRNwQYNN8GUnmabmsNqaT3e9DmG'),
('fa2acbce-29a6-4637-9721-6a5e52e9df57', 'velik@gmail.com', 'Велик', 'Великов', 'Великов', 'velik.velikov', '$2a$10$h8GW9Ff7oK8I0wuK39XXYenJvbaRNwQYNN8GUnmabmsNqaT3e9DmG'),
('a3a5d2d1-c4aa-4c7c-8755-21f41787f682', 'velika@gmail.com', 'Велика', 'Великова', 'Великова', 'velika.velikov', '$2a$10$h8GW9Ff7oK8I0wuK39XXYenJvbaRNwQYNN8GUnmabmsNqaT3e9DmG'),
('bb3eda5d-223c-429f-9336-54ee92ad86f6', 'velimir@gmail.com', 'Велимир', 'Велимиров', 'Велимиров', 'velimir.velimirov', '$2a$10$h8GW9Ff7oK8I0wuK39XXYenJvbaRNwQYNN8GUnmabmsNqaT3e9DmG'),
('586865c5-ccf3-4aa3-a818-3698a1f1f190', 'velimira@gmail.com', 'Велимира', 'Велимирова', 'Велимирова', 'velimira.velimirov', '$2a$10$h8GW9Ff7oK8I0wuK39XXYenJvbaRNwQYNN8GUnmabmsNqaT3e9DmG'),
('e7c155e1-bedd-43c0-8339-88e3f011124f', 'velin@gmail.com', 'Велин', 'Велинов', 'Велинов', 'velin.velinov', '$2a$10$h8GW9Ff7oK8I0wuK39XXYenJvbaRNwQYNN8GUnmabmsNqaT3e9DmG'),
('de22bc9b-3b3f-4cc4-b912-62767fa0a0f6', 'velina@gmail.com', 'Велина', 'Велинова', 'Велинова', 'velina.velinov', '$2a$10$h8GW9Ff7oK8I0wuK39XXYenJvbaRNwQYNN8GUnmabmsNqaT3e9DmG'),
('bcaa11bf-a07c-4ff8-835b-31786e04e5ba', 'velislav@gmail.com', 'Велислав', 'Велиславов', 'Велиславов', 'velislav.velislavov', '$2a$10$h8GW9Ff7oK8I0wuK39XXYenJvbaRNwQYNN8GUnmabmsNqaT3e9DmG'),
('cc85c253-c45a-41e0-bc29-ec1ba468991e', 'velislava@gmail.com', 'Велислава', 'Велиславова', 'Велиславова', 'velislava.velislavova', '$2a$10$h8GW9Ff7oK8I0wuK39XXYenJvbaRNwQYNN8GUnmabmsNqaT3e9DmG'),
('3f797581-dfce-44db-890c-2929e7c929f2', 'velichko@gmail.com', 'Величко', 'Величков', 'Величков', 'velichko.velichkov', '$2a$10$h8GW9Ff7oK8I0wuK39XXYenJvbaRNwQYNN8GUnmabmsNqaT3e9DmG'),
('4837a748-718d-41a9-8033-c9132e902db8', 'velichka@gmail.com', 'Величка', 'Величкова', 'Величкова', 'velichka.velichkov', '$2a$10$h8GW9Ff7oK8I0wuK39XXYenJvbaRNwQYNN8GUnmabmsNqaT3e9DmG'),
('58ed9d64-0aa5-4388-a6fe-23844440d6b9', 'velko@gmail.com', 'Велко', 'Велков', 'Велков', 'velko.velkov', '$2a$10$h8GW9Ff7oK8I0wuK39XXYenJvbaRNwQYNN8GUnmabmsNqaT3e9DmG'),
('434fe9c1-e03b-47c8-889b-6abf0c6407a4', 'velka@gmail.com', 'Велкоа', 'Велкова', 'Велкова', 'velka.velkov', '$2a$10$h8GW9Ff7oK8I0wuK39XXYenJvbaRNwQYNN8GUnmabmsNqaT3e9DmG'),
('890b65d3-8789-43d9-beee-86d9ffc09ad5', 'venelin@gmail.com', 'Венелин', 'Венелинов', 'Венелинов', 'venelin.venelinov', '$2a$10$h8GW9Ff7oK8I0wuK39XXYenJvbaRNwQYNN8GUnmabmsNqaT3e9DmG'),
('87cb3ffc-2745-4d13-b1b2-92fefe6b9a9f', 'venelina@gmail.com', 'Венелина', 'Венелинова', 'Венелинова', 'venelina.venelinov', '$2a$10$h8GW9Ff7oK8I0wuK39XXYenJvbaRNwQYNN8GUnmabmsNqaT3e9DmG');

INSERT INTO `ejournal`.`user_has_roles` (`user_id`, `role_id`)
VALUES
('be3141ea-4ad3-4a94-82ef-d894bc6bb858', 'a2611058-a0c0-4b9a-8365-953f073e55f5'),
('3ddccae1-ada0-4fff-aff1-cb9b4166d6d7', 'a2611058-a0c0-4b9a-8365-953f073e55f5'),
('f3350cc0-9553-4322-a6ae-a84fc3b21de9', 'a2611058-a0c0-4b9a-8365-953f073e55f5'),
('4df20a3e-4e8f-437e-8f6d-cfed65d35094', 'a2611058-a0c0-4b9a-8365-953f073e55f5'),
('14cc166f-cf7b-4cc5-a72c-8975d33e603e', 'a2611058-a0c0-4b9a-8365-953f073e55f5'),
('f29e7bc4-d74a-41c8-a869-21f69270160a', 'a2611058-a0c0-4b9a-8365-953f073e55f5'),
('a8aa6b68-9c70-4052-b89d-508518bf418b', 'a2611058-a0c0-4b9a-8365-953f073e55f5'),
('0133d0cc-358c-4f87-b4e0-b7162dcff42c', 'a2611058-a0c0-4b9a-8365-953f073e55f5'),
('8b7e7fb1-3018-44b0-90ef-a69e367d3662', 'a2611058-a0c0-4b9a-8365-953f073e55f5'),
('326aa40a-59c3-41ff-b2f9-61d179d066a4', 'a2611058-a0c0-4b9a-8365-953f073e55f5'),
('3a6a960f-f2f3-41ab-bcdf-cc76c3c4726b', 'a2611058-a0c0-4b9a-8365-953f073e55f5'),
('7f39e970-9dd4-4708-8247-5422784971bc', 'a2611058-a0c0-4b9a-8365-953f073e55f5'),
('383eb76b-1392-4c56-8af9-5c33cf22cbcb', 'a2611058-a0c0-4b9a-8365-953f073e55f5'),
('28e62c28-7712-481a-9e44-e3526c93438d', 'a2611058-a0c0-4b9a-8365-953f073e55f5'),
('e7ac9c3b-4f87-43ca-a10f-eb4ab4888844', 'a2611058-a0c0-4b9a-8365-953f073e55f5'),
('b95348b7-ff0b-482b-8866-304ff6a82d81', 'a2611058-a0c0-4b9a-8365-953f073e55f5'),
('d6c4cc95-2149-4ca7-b489-1ee6d3775813', 'a2611058-a0c0-4b9a-8365-953f073e55f5'),
('af90b788-da47-440a-91e1-f37dfb8e95e2', 'a2611058-a0c0-4b9a-8365-953f073e55f5'),
('d3bb5bd1-541b-489c-864a-7cd290a23a9d', 'a2611058-a0c0-4b9a-8365-953f073e55f5'),
('43c5f9b2-c8b2-426c-99b1-740d6515ba72', 'a2611058-a0c0-4b9a-8365-953f073e55f5'),

('90dabf24-ea5c-420e-96e4-a13bad292d3f', 'a2611058-a0c0-4b9a-8365-953f073e55f5'),
('c4571bb5-5d5b-4595-85b2-cdb6afdaaa48', 'a2611058-a0c0-4b9a-8365-953f073e55f5'),
('a8a2e603-1b40-45e8-a4e4-cef2ad70c1ae', 'a2611058-a0c0-4b9a-8365-953f073e55f5'),
('151470e2-7429-4b61-b09d-66f0b9758354', 'a2611058-a0c0-4b9a-8365-953f073e55f5'),
('f34d52b6-0be4-4e29-8e6f-ac569ada3ada', 'a2611058-a0c0-4b9a-8365-953f073e55f5'),
('83eacb20-a398-484c-a3b7-a983be631a4f', 'a2611058-a0c0-4b9a-8365-953f073e55f5'),
('c40c7654-37df-43a3-9ef3-34b14cc6ecd1', 'a2611058-a0c0-4b9a-8365-953f073e55f5'),
('926c01bc-e258-4e7e-9be8-9c60a896f1dd', 'a2611058-a0c0-4b9a-8365-953f073e55f5'),
('a51cf472-3992-4154-8c83-e9ba2f840d8b', 'a2611058-a0c0-4b9a-8365-953f073e55f5'),
('7016c166-aaa4-4645-b05f-3e9608ec2e75', 'a2611058-a0c0-4b9a-8365-953f073e55f5'),
('49dd02b1-8cb3-40ec-b708-ed7f11a842b0', 'a2611058-a0c0-4b9a-8365-953f073e55f5'),
('55e0dda8-01c9-449d-afbb-02900d1fe359', 'a2611058-a0c0-4b9a-8365-953f073e55f5'),
('aa807b47-a69d-4848-b0e4-474a5caea753', 'a2611058-a0c0-4b9a-8365-953f073e55f5'),
('6d23f1ba-003a-47fc-b0d6-56f4b2236c62', 'a2611058-a0c0-4b9a-8365-953f073e55f5'),
('90324fc4-772f-47b2-bb6b-dfbd39fcd94f', 'a2611058-a0c0-4b9a-8365-953f073e55f5'),
('f79dbefb-a1a8-4938-bb77-3bd822eca16a', 'a2611058-a0c0-4b9a-8365-953f073e55f5'),
('4ea369b4-2c56-4e0e-95e1-5cf5cc5a6657', 'a2611058-a0c0-4b9a-8365-953f073e55f5'),
('f8eee5ae-51ba-4b41-8044-55bec3edfbb5', 'a2611058-a0c0-4b9a-8365-953f073e55f5'),
('d541d532-e7fa-4a3f-a67b-2ece82a3fdd9', 'a2611058-a0c0-4b9a-8365-953f073e55f5'),
('4aca53b1-10fa-409f-a9b8-d804ff58bc65', 'a2611058-a0c0-4b9a-8365-953f073e55f5'),

('6c1b2951-80bb-4a16-a298-49899b2e9614', 'a2611058-a0c0-4b9a-8365-953f073e55f5'),
('48f7e348-dc82-4e26-8967-44e0ef0d5812', 'a2611058-a0c0-4b9a-8365-953f073e55f5'),
('785f0077-2eaf-40a2-ae77-04fc76b4d04a', 'a2611058-a0c0-4b9a-8365-953f073e55f5'),
('f9913b27-715a-461b-9cfe-778e7bb5a072', 'a2611058-a0c0-4b9a-8365-953f073e55f5'),
('9e93dafe-797c-4439-a9cf-79929bfb9f2b', 'a2611058-a0c0-4b9a-8365-953f073e55f5'),
('c62884d4-6936-401b-859a-1260355440ca', 'a2611058-a0c0-4b9a-8365-953f073e55f5'),
('11272dee-4aa7-4907-9cf9-a1307bde44f0', 'a2611058-a0c0-4b9a-8365-953f073e55f5'),
('c25cc448-b238-4bcc-af04-142ccb50e8b0', 'a2611058-a0c0-4b9a-8365-953f073e55f5'),
('3f6893fa-e8b4-4ceb-b579-36140eb834a1', 'a2611058-a0c0-4b9a-8365-953f073e55f5'),
('abe32158-ecbf-468d-b7dc-e35468f4ae12', 'a2611058-a0c0-4b9a-8365-953f073e55f5'),
('7b04c0fb-23e2-4f26-b1d3-ede9d1d7fc0f', 'a2611058-a0c0-4b9a-8365-953f073e55f5'),
('4f337a27-8309-4277-b3a8-4447c5e4f54d', 'a2611058-a0c0-4b9a-8365-953f073e55f5'),
('07083919-aa2d-4c51-b089-af857395669b', 'a2611058-a0c0-4b9a-8365-953f073e55f5'),
('bae40dad-5827-4fbb-92d6-4c7e7ca7669b', 'a2611058-a0c0-4b9a-8365-953f073e55f5'),
('380bb00e-f83e-4fa4-bdd6-460d0177b43c', 'a2611058-a0c0-4b9a-8365-953f073e55f5'),
('ee80c447-aa8c-4647-801f-855f9e055655', 'a2611058-a0c0-4b9a-8365-953f073e55f5'),
('d1ff210a-2a26-42b0-aaeb-952e2ce8da8c', 'a2611058-a0c0-4b9a-8365-953f073e55f5'),
('945bd47b-d4d1-4ddf-b9fc-e3d86ae9487c', 'a2611058-a0c0-4b9a-8365-953f073e55f5'),
('384ec424-0d35-4a72-983b-ca3a3b3ce93c', 'a2611058-a0c0-4b9a-8365-953f073e55f5'),
('2bc2a0f2-73f3-4f69-ada1-bf91de89352f', 'a2611058-a0c0-4b9a-8365-953f073e55f5'),

('562ee5a5-780a-4bc6-8814-cfc3e6e6493e', 'a2611058-a0c0-4b9a-8365-953f073e55f5'),
('c9bc2a35-b3a0-47d6-983e-af13b8142af9', 'a2611058-a0c0-4b9a-8365-953f073e55f5'),
('7dd43879-98b7-48d4-a02f-6d2b245e9e9d', 'a2611058-a0c0-4b9a-8365-953f073e55f5'),
('c782f47e-138d-4bdb-b3ea-1f1350d46609', 'a2611058-a0c0-4b9a-8365-953f073e55f5'),
('fe3ca1dc-9a1c-40a5-bca3-5b4f78d0b971', 'a2611058-a0c0-4b9a-8365-953f073e55f5'),
('fea0e3ae-1a41-4004-80e0-2aa99cdf8bac', 'a2611058-a0c0-4b9a-8365-953f073e55f5'),
('45ae489c-60bd-4022-ae0f-ea5d15c26359', 'a2611058-a0c0-4b9a-8365-953f073e55f5'),
('dd0e6bbe-f734-4cd2-a314-a8599e1bef85', 'a2611058-a0c0-4b9a-8365-953f073e55f5'),
('04c25800-4b18-43d4-92cd-35eb85c7ee84', 'a2611058-a0c0-4b9a-8365-953f073e55f5'),
('cb8cd203-74bc-4ad7-a28f-34b2052ffa1f', 'a2611058-a0c0-4b9a-8365-953f073e55f5'),
('15724ffc-fbf1-4bc1-be72-3e737e7b1ada', 'a2611058-a0c0-4b9a-8365-953f073e55f5'),
('3a61762d-4ba9-40b1-a201-2ea06b35c36c', 'a2611058-a0c0-4b9a-8365-953f073e55f5'),
('15f6de93-0ab3-4df7-b92e-e44f58dd42ea', 'a2611058-a0c0-4b9a-8365-953f073e55f5'),
('4a49837c-d3bc-458c-8fee-525b2a4f1533', 'a2611058-a0c0-4b9a-8365-953f073e55f5'),
('038854cf-d9f3-4f35-9b0d-01204b23958d', 'a2611058-a0c0-4b9a-8365-953f073e55f5'),
('6e1e1685-0d87-4b9d-affd-4944ed05af1a', 'a2611058-a0c0-4b9a-8365-953f073e55f5'),
('331ea376-52f6-424f-8f00-036a2c5f4ace', 'a2611058-a0c0-4b9a-8365-953f073e55f5'),
('d9f40bc8-a329-4250-9dae-6e9168151129', 'a2611058-a0c0-4b9a-8365-953f073e55f5'),
('d9c8a1f3-05b7-4f1f-9f39-45b83d27f046', 'a2611058-a0c0-4b9a-8365-953f073e55f5'),
('2af773b2-8e72-489d-98ff-1120d8db2a0c', 'a2611058-a0c0-4b9a-8365-953f073e55f5'),

('dca76e54-0e91-49ea-8884-89ff28c37e07', 'a2611058-a0c0-4b9a-8365-953f073e55f5'),
('9930b28e-f134-4683-8f4f-b2a17e6c06dc', 'a2611058-a0c0-4b9a-8365-953f073e55f5'),
('fa2acbce-29a6-4637-9721-6a5e52e9df57', 'a2611058-a0c0-4b9a-8365-953f073e55f5'),
('a3a5d2d1-c4aa-4c7c-8755-21f41787f682', 'a2611058-a0c0-4b9a-8365-953f073e55f5'),
('bb3eda5d-223c-429f-9336-54ee92ad86f6', 'a2611058-a0c0-4b9a-8365-953f073e55f5'),
('586865c5-ccf3-4aa3-a818-3698a1f1f190', 'a2611058-a0c0-4b9a-8365-953f073e55f5'),
('e7c155e1-bedd-43c0-8339-88e3f011124f', 'a2611058-a0c0-4b9a-8365-953f073e55f5'),
('de22bc9b-3b3f-4cc4-b912-62767fa0a0f6', 'a2611058-a0c0-4b9a-8365-953f073e55f5'),
('bcaa11bf-a07c-4ff8-835b-31786e04e5ba', 'a2611058-a0c0-4b9a-8365-953f073e55f5'),
('cc85c253-c45a-41e0-bc29-ec1ba468991e', 'a2611058-a0c0-4b9a-8365-953f073e55f5'),
('3f797581-dfce-44db-890c-2929e7c929f2', 'a2611058-a0c0-4b9a-8365-953f073e55f5'),
('4837a748-718d-41a9-8033-c9132e902db8', 'a2611058-a0c0-4b9a-8365-953f073e55f5'),
('58ed9d64-0aa5-4388-a6fe-23844440d6b9', 'a2611058-a0c0-4b9a-8365-953f073e55f5'),
('434fe9c1-e03b-47c8-889b-6abf0c6407a4', 'a2611058-a0c0-4b9a-8365-953f073e55f5'),
('890b65d3-8789-43d9-beee-86d9ffc09ad5', 'a2611058-a0c0-4b9a-8365-953f073e55f5'),
('87cb3ffc-2745-4d13-b1b2-92fefe6b9a9f', 'a2611058-a0c0-4b9a-8365-953f073e55f5');

INSERT INTO `ejournal`.`students` (`id`, `group_id`, `school_id`)
VALUES
('be3141ea-4ad3-4a94-82ef-d894bc6bb858', '31eb4b61-2ff4-452c-baad-5f4b2202f227', '39a321bb-2575-41d5-bd7b-91d32b07944f'),
('3ddccae1-ada0-4fff-aff1-cb9b4166d6d7', '31eb4b61-2ff4-452c-baad-5f4b2202f227', '39a321bb-2575-41d5-bd7b-91d32b07944f'),
('f3350cc0-9553-4322-a6ae-a84fc3b21de9', 'eb91b738-6afd-436c-89d6-5cef53eac26c', '39a321bb-2575-41d5-bd7b-91d32b07944f'),
('4df20a3e-4e8f-437e-8f6d-cfed65d35094', 'eb91b738-6afd-436c-89d6-5cef53eac26c', '39a321bb-2575-41d5-bd7b-91d32b07944f'),
('14cc166f-cf7b-4cc5-a72c-8975d33e603e', '8ae79193-ebf6-4a91-b006-8f49447e3286', '39a321bb-2575-41d5-bd7b-91d32b07944f'),
('f29e7bc4-d74a-41c8-a869-21f69270160a', '8ae79193-ebf6-4a91-b006-8f49447e3286', '39a321bb-2575-41d5-bd7b-91d32b07944f'),
('a8aa6b68-9c70-4052-b89d-508518bf418b', '3c96d6b7-1e38-4d71-bbdf-a5c50ffb5f86', '39a321bb-2575-41d5-bd7b-91d32b07944f'),
('0133d0cc-358c-4f87-b4e0-b7162dcff42c', '3c96d6b7-1e38-4d71-bbdf-a5c50ffb5f86', '39a321bb-2575-41d5-bd7b-91d32b07944f'),
('8b7e7fb1-3018-44b0-90ef-a69e367d3662', '992125bd-68cc-4048-be18-f0b44b74e18f', '39a321bb-2575-41d5-bd7b-91d32b07944f'),
('326aa40a-59c3-41ff-b2f9-61d179d066a4', '992125bd-68cc-4048-be18-f0b44b74e18f', '39a321bb-2575-41d5-bd7b-91d32b07944f'),
('3a6a960f-f2f3-41ab-bcdf-cc76c3c4726b', '7301db36-8d16-4efc-8b61-15d925a2a164', '39a321bb-2575-41d5-bd7b-91d32b07944f'),
('7f39e970-9dd4-4708-8247-5422784971bc', '7301db36-8d16-4efc-8b61-15d925a2a164', '39a321bb-2575-41d5-bd7b-91d32b07944f'),
('383eb76b-1392-4c56-8af9-5c33cf22cbcb', 'eb181ec2-8f04-4a7d-8c78-641890d6c852', '39a321bb-2575-41d5-bd7b-91d32b07944f'),
('28e62c28-7712-481a-9e44-e3526c93438d', 'eb181ec2-8f04-4a7d-8c78-641890d6c852', '39a321bb-2575-41d5-bd7b-91d32b07944f'),
('e7ac9c3b-4f87-43ca-a10f-eb4ab4888844', 'e6aadbaa-d81a-4bed-8e22-69202b9e3575', '39a321bb-2575-41d5-bd7b-91d32b07944f'),
('b95348b7-ff0b-482b-8866-304ff6a82d81', 'e6aadbaa-d81a-4bed-8e22-69202b9e3575', '39a321bb-2575-41d5-bd7b-91d32b07944f'),
('d6c4cc95-2149-4ca7-b489-1ee6d3775813', '3ce45e05-742b-4b12-b5c9-3a0179c78188', '39a321bb-2575-41d5-bd7b-91d32b07944f'),
('af90b788-da47-440a-91e1-f37dfb8e95e2', '3ce45e05-742b-4b12-b5c9-3a0179c78188', '39a321bb-2575-41d5-bd7b-91d32b07944f'),
('d3bb5bd1-541b-489c-864a-7cd290a23a9d', '38ff7dd0-bff6-4e89-a741-6ac0ceb2e268', '39a321bb-2575-41d5-bd7b-91d32b07944f'),
('43c5f9b2-c8b2-426c-99b1-740d6515ba72', '38ff7dd0-bff6-4e89-a741-6ac0ceb2e268', '39a321bb-2575-41d5-bd7b-91d32b07944f'),

('90dabf24-ea5c-420e-96e4-a13bad292d3f', '948c21ed-59d7-4bd3-9627-16b6bb516e2b', '7346052e-b2a7-4a62-9139-d8f3556ea220'),
('c4571bb5-5d5b-4595-85b2-cdb6afdaaa48', '948c21ed-59d7-4bd3-9627-16b6bb516e2b', '7346052e-b2a7-4a62-9139-d8f3556ea220'),
('a8a2e603-1b40-45e8-a4e4-cef2ad70c1ae', '915f8f41-e6c0-4c9a-ae7a-2cd46f327bd7', '7346052e-b2a7-4a62-9139-d8f3556ea220'),
('151470e2-7429-4b61-b09d-66f0b9758354', '915f8f41-e6c0-4c9a-ae7a-2cd46f327bd7', '7346052e-b2a7-4a62-9139-d8f3556ea220'),
('f34d52b6-0be4-4e29-8e6f-ac569ada3ada', 'b2641e0a-4531-4636-a1a7-1e48b818da66', '7346052e-b2a7-4a62-9139-d8f3556ea220'),
('83eacb20-a398-484c-a3b7-a983be631a4f', 'b2641e0a-4531-4636-a1a7-1e48b818da66', '7346052e-b2a7-4a62-9139-d8f3556ea220'),
('c40c7654-37df-43a3-9ef3-34b14cc6ecd1', '74ab49c6-9010-4332-bf3c-88bcf22844a1', '7346052e-b2a7-4a62-9139-d8f3556ea220'),
('926c01bc-e258-4e7e-9be8-9c60a896f1dd', '74ab49c6-9010-4332-bf3c-88bcf22844a1', '7346052e-b2a7-4a62-9139-d8f3556ea220'),
('a51cf472-3992-4154-8c83-e9ba2f840d8b', 'd753592d-7ab6-4ae8-88fc-00e04de196f0', '7346052e-b2a7-4a62-9139-d8f3556ea220'),
('7016c166-aaa4-4645-b05f-3e9608ec2e75', 'd753592d-7ab6-4ae8-88fc-00e04de196f0', '7346052e-b2a7-4a62-9139-d8f3556ea220'),
('49dd02b1-8cb3-40ec-b708-ed7f11a842b0', '2d1adc86-a237-4707-b032-b661f156c0fe', '7346052e-b2a7-4a62-9139-d8f3556ea220'),
('55e0dda8-01c9-449d-afbb-02900d1fe359', '2d1adc86-a237-4707-b032-b661f156c0fe', '7346052e-b2a7-4a62-9139-d8f3556ea220'),
('aa807b47-a69d-4848-b0e4-474a5caea753', 'fb7063c4-077d-45e3-985d-3816ea1dedc3', '7346052e-b2a7-4a62-9139-d8f3556ea220'),
('6d23f1ba-003a-47fc-b0d6-56f4b2236c62', 'fb7063c4-077d-45e3-985d-3816ea1dedc3', '7346052e-b2a7-4a62-9139-d8f3556ea220'),
('90324fc4-772f-47b2-bb6b-dfbd39fcd94f', 'c23481a4-a8d8-4798-8c5b-785a8d5a73d1', '7346052e-b2a7-4a62-9139-d8f3556ea220'),
('f79dbefb-a1a8-4938-bb77-3bd822eca16a', 'c23481a4-a8d8-4798-8c5b-785a8d5a73d1', '7346052e-b2a7-4a62-9139-d8f3556ea220'),
('4ea369b4-2c56-4e0e-95e1-5cf5cc5a6657', 'e34593fa-4a14-41a9-937a-5b56fc718ada', '7346052e-b2a7-4a62-9139-d8f3556ea220'),
('f8eee5ae-51ba-4b41-8044-55bec3edfbb5', 'e34593fa-4a14-41a9-937a-5b56fc718ada', '7346052e-b2a7-4a62-9139-d8f3556ea220'),
('d541d532-e7fa-4a3f-a67b-2ece82a3fdd9', '501bbc6d-f3cd-45ea-afd8-8e2b9f54b454', '7346052e-b2a7-4a62-9139-d8f3556ea220'),
('4aca53b1-10fa-409f-a9b8-d804ff58bc65', '501bbc6d-f3cd-45ea-afd8-8e2b9f54b454', '7346052e-b2a7-4a62-9139-d8f3556ea220'),

('6c1b2951-80bb-4a16-a298-49899b2e9614', '4acab691-2163-48c4-acbb-be40ce64f815', '001c1088-1ae0-4638-aa13-1b54831659f6'),
('48f7e348-dc82-4e26-8967-44e0ef0d5812', '4acab691-2163-48c4-acbb-be40ce64f815', '001c1088-1ae0-4638-aa13-1b54831659f6'),
('785f0077-2eaf-40a2-ae77-04fc76b4d04a', '3eb1e1b6-c1d0-41f3-a4b0-e5b2cec68103', '001c1088-1ae0-4638-aa13-1b54831659f6'),
('f9913b27-715a-461b-9cfe-778e7bb5a072', '3eb1e1b6-c1d0-41f3-a4b0-e5b2cec68103', '001c1088-1ae0-4638-aa13-1b54831659f6'),
('9e93dafe-797c-4439-a9cf-79929bfb9f2b', 'b526ac0f-7555-4286-a42d-3f579cab90d0', '001c1088-1ae0-4638-aa13-1b54831659f6'),
('c62884d4-6936-401b-859a-1260355440ca', 'b526ac0f-7555-4286-a42d-3f579cab90d0', '001c1088-1ae0-4638-aa13-1b54831659f6'),
('11272dee-4aa7-4907-9cf9-a1307bde44f0', 'fba947da-6e92-4e57-8d8a-72b12893a9c6', '001c1088-1ae0-4638-aa13-1b54831659f6'),
('c25cc448-b238-4bcc-af04-142ccb50e8b0', 'fba947da-6e92-4e57-8d8a-72b12893a9c6', '001c1088-1ae0-4638-aa13-1b54831659f6'),
('3f6893fa-e8b4-4ceb-b579-36140eb834a1', '8af83b2b-c0fe-4814-be04-2e230c2eaa10', '001c1088-1ae0-4638-aa13-1b54831659f6'),
('abe32158-ecbf-468d-b7dc-e35468f4ae12', '8af83b2b-c0fe-4814-be04-2e230c2eaa10', '001c1088-1ae0-4638-aa13-1b54831659f6'),
('7b04c0fb-23e2-4f26-b1d3-ede9d1d7fc0f', '3e5c7e2e-c330-4141-b4fa-74523b5888fb', '001c1088-1ae0-4638-aa13-1b54831659f6'),
('4f337a27-8309-4277-b3a8-4447c5e4f54d', '3e5c7e2e-c330-4141-b4fa-74523b5888fb', '001c1088-1ae0-4638-aa13-1b54831659f6'),
('07083919-aa2d-4c51-b089-af857395669b', 'e3baf5b5-aab6-4812-9389-9abab0156571', '001c1088-1ae0-4638-aa13-1b54831659f6'),
('bae40dad-5827-4fbb-92d6-4c7e7ca7669b', 'e3baf5b5-aab6-4812-9389-9abab0156571', '001c1088-1ae0-4638-aa13-1b54831659f6'),
('380bb00e-f83e-4fa4-bdd6-460d0177b43c', '58bd07b3-b0a8-4a5d-9fc9-2165264e0c74', '001c1088-1ae0-4638-aa13-1b54831659f6'),
('ee80c447-aa8c-4647-801f-855f9e055655', '58bd07b3-b0a8-4a5d-9fc9-2165264e0c74', '001c1088-1ae0-4638-aa13-1b54831659f6'),
('d1ff210a-2a26-42b0-aaeb-952e2ce8da8c', '2869f2c6-ce40-46ba-b984-7e6fd7f99179', '001c1088-1ae0-4638-aa13-1b54831659f6'),
('945bd47b-d4d1-4ddf-b9fc-e3d86ae9487c', '2869f2c6-ce40-46ba-b984-7e6fd7f99179', '001c1088-1ae0-4638-aa13-1b54831659f6'),
('384ec424-0d35-4a72-983b-ca3a3b3ce93c', '6fffa711-7dd7-41c2-9131-8a7dd527e336', '001c1088-1ae0-4638-aa13-1b54831659f6'),
('2bc2a0f2-73f3-4f69-ada1-bf91de89352f', '6fffa711-7dd7-41c2-9131-8a7dd527e336', '001c1088-1ae0-4638-aa13-1b54831659f6'),

('562ee5a5-780a-4bc6-8814-cfc3e6e6493e', 'e7110b2d-1ccd-433f-a739-0cce0906b8b4', '77264868-479c-4065-8701-55ee55dba88d'),
('c9bc2a35-b3a0-47d6-983e-af13b8142af9', 'e7110b2d-1ccd-433f-a739-0cce0906b8b4', '77264868-479c-4065-8701-55ee55dba88d'),
('7dd43879-98b7-48d4-a02f-6d2b245e9e9d', '0b568432-7071-4247-9a1d-3ac04eed13f7', '77264868-479c-4065-8701-55ee55dba88d'),
('c782f47e-138d-4bdb-b3ea-1f1350d46609', '0b568432-7071-4247-9a1d-3ac04eed13f7', '77264868-479c-4065-8701-55ee55dba88d'),
('fe3ca1dc-9a1c-40a5-bca3-5b4f78d0b971', 'e8d14996-db58-4566-a934-5d43846b3177', '77264868-479c-4065-8701-55ee55dba88d'),
('fea0e3ae-1a41-4004-80e0-2aa99cdf8bac', 'e8d14996-db58-4566-a934-5d43846b3177', '77264868-479c-4065-8701-55ee55dba88d'),
('45ae489c-60bd-4022-ae0f-ea5d15c26359', 'd40f5150-6d92-41aa-9277-1e717205990e', '77264868-479c-4065-8701-55ee55dba88d'),
('dd0e6bbe-f734-4cd2-a314-a8599e1bef85', 'd40f5150-6d92-41aa-9277-1e717205990e', '77264868-479c-4065-8701-55ee55dba88d'),
('04c25800-4b18-43d4-92cd-35eb85c7ee84', '271b9269-c0e1-46b8-aa9c-8dbbc42d0e69', '77264868-479c-4065-8701-55ee55dba88d'),
('cb8cd203-74bc-4ad7-a28f-34b2052ffa1f', '271b9269-c0e1-46b8-aa9c-8dbbc42d0e69', '77264868-479c-4065-8701-55ee55dba88d'),
('15724ffc-fbf1-4bc1-be72-3e737e7b1ada', '2465d438-0910-42d2-aae6-d09a74eb8d1a', '77264868-479c-4065-8701-55ee55dba88d'),
('3a61762d-4ba9-40b1-a201-2ea06b35c36c', '2465d438-0910-42d2-aae6-d09a74eb8d1a', '77264868-479c-4065-8701-55ee55dba88d'),
('15f6de93-0ab3-4df7-b92e-e44f58dd42ea', '712cfea9-c9e0-41e7-80f8-e970e0ca20c0', '77264868-479c-4065-8701-55ee55dba88d'),
('4a49837c-d3bc-458c-8fee-525b2a4f1533', '712cfea9-c9e0-41e7-80f8-e970e0ca20c0', '77264868-479c-4065-8701-55ee55dba88d'),
('038854cf-d9f3-4f35-9b0d-01204b23958d', '9062240b-d591-4018-ad6e-413740a6491e', '77264868-479c-4065-8701-55ee55dba88d'),
('6e1e1685-0d87-4b9d-affd-4944ed05af1a', '9062240b-d591-4018-ad6e-413740a6491e', '77264868-479c-4065-8701-55ee55dba88d'),
('331ea376-52f6-424f-8f00-036a2c5f4ace', '66f6e99a-2ac1-480e-a791-b16b4d2440dd', '77264868-479c-4065-8701-55ee55dba88d'),
('d9f40bc8-a329-4250-9dae-6e9168151129', '66f6e99a-2ac1-480e-a791-b16b4d2440dd', '77264868-479c-4065-8701-55ee55dba88d'),
('d9c8a1f3-05b7-4f1f-9f39-45b83d27f046', 'f8079578-5bd6-48bc-a358-efe1c8a70858', '77264868-479c-4065-8701-55ee55dba88d'),
('2af773b2-8e72-489d-98ff-1120d8db2a0c', 'f8079578-5bd6-48bc-a358-efe1c8a70858', '77264868-479c-4065-8701-55ee55dba88d'),

('dca76e54-0e91-49ea-8884-89ff28c37e07', 'ea9ae684-81d2-47af-9922-07bfbf0de0ef', '9c73d511-af3e-4adc-a5dd-48312613c523'),
('9930b28e-f134-4683-8f4f-b2a17e6c06dc', 'ea9ae684-81d2-47af-9922-07bfbf0de0ef', '9c73d511-af3e-4adc-a5dd-48312613c523'),
('fa2acbce-29a6-4637-9721-6a5e52e9df57', 'd5c2bf1a-4deb-4adb-8e7e-8f4a7fb4fc01', '9c73d511-af3e-4adc-a5dd-48312613c523'),
('a3a5d2d1-c4aa-4c7c-8755-21f41787f682', 'd5c2bf1a-4deb-4adb-8e7e-8f4a7fb4fc01', '9c73d511-af3e-4adc-a5dd-48312613c523'),
('bb3eda5d-223c-429f-9336-54ee92ad86f6', 'e854b944-9b98-4d08-ad13-b2eb40a2d070', '9c73d511-af3e-4adc-a5dd-48312613c523'),
('586865c5-ccf3-4aa3-a818-3698a1f1f190', 'e854b944-9b98-4d08-ad13-b2eb40a2d070', '9c73d511-af3e-4adc-a5dd-48312613c523'),
('e7c155e1-bedd-43c0-8339-88e3f011124f', '2f3e682e-8d04-4440-b0c3-ed1d8e833a41', '9c73d511-af3e-4adc-a5dd-48312613c523'),
('de22bc9b-3b3f-4cc4-b912-62767fa0a0f6', '2f3e682e-8d04-4440-b0c3-ed1d8e833a41', '9c73d511-af3e-4adc-a5dd-48312613c523'),
('bcaa11bf-a07c-4ff8-835b-31786e04e5ba', '28782af1-ef00-4877-b68d-1a58052dcb65', '9c73d511-af3e-4adc-a5dd-48312613c523'),
('cc85c253-c45a-41e0-bc29-ec1ba468991e', '28782af1-ef00-4877-b68d-1a58052dcb65', '9c73d511-af3e-4adc-a5dd-48312613c523'),
('3f797581-dfce-44db-890c-2929e7c929f2', '885c44fb-90de-4864-85d3-cfcef1303ef3', '9c73d511-af3e-4adc-a5dd-48312613c523'),
('4837a748-718d-41a9-8033-c9132e902db8', '885c44fb-90de-4864-85d3-cfcef1303ef3', '9c73d511-af3e-4adc-a5dd-48312613c523'),
('58ed9d64-0aa5-4388-a6fe-23844440d6b9', 'd0404164-29d8-465b-a9b2-e4c7f6046f25', '9c73d511-af3e-4adc-a5dd-48312613c523'),
('434fe9c1-e03b-47c8-889b-6abf0c6407a4', 'd0404164-29d8-465b-a9b2-e4c7f6046f25', '9c73d511-af3e-4adc-a5dd-48312613c523'),
('890b65d3-8789-43d9-beee-86d9ffc09ad5', '33c4d1cf-57d1-4480-af70-484b07e18966', '9c73d511-af3e-4adc-a5dd-48312613c523'),
('87cb3ffc-2745-4d13-b1b2-92fefe6b9a9f', '33c4d1cf-57d1-4480-af70-484b07e18966', '9c73d511-af3e-4adc-a5dd-48312613c523');
