INSERT INTO `ejournal`.`users` (`id`, `email`, `first_name`, `middle_name`, `last_name`, `username`, `password`)
VALUES
('cc5dd496-6153-461b-a5f2-81f6d8033f1b', 'venislav@gmail.com', 'Венислав', 'Вениславов', 'Вениславов', 'venislav.venislavov', '$2a$10$h8GW9Ff7oK8I0wuK39XXYenJvbaRNwQYNN8GUnmabmsNqaT3e9DmG'),
('f656129b-7712-4bc2-ae67-5abeebb17afa', 'venislava@gmail.com', 'Венислава', 'Вениславова', 'Вениславова', 'venislava.venislavova', '$2a$10$h8GW9Ff7oK8I0wuK39XXYenJvbaRNwQYNN8GUnmabmsNqaT3e9DmG'),
('1d6b47d4-bb6b-479d-bf85-5f9bd226bccc', 'vensan@gmail.com', 'Венсан', 'Венсанов', 'Венсанов', 'vensan.vensanov', '$2a$10$h8GW9Ff7oK8I0wuK39XXYenJvbaRNwQYNN8GUnmabmsNqaT3e9DmG'),
('47371c3a-c8a0-49a0-a9d7-2028de6df23c', 'vensana@gmail.com', 'Венсана', 'Венсанова', 'Венсанова', 'vensana.vensanova', '$2a$10$h8GW9Ff7oK8I0wuK39XXYenJvbaRNwQYNN8GUnmabmsNqaT3e9DmG'),
('eba034aa-e35b-4520-9e7e-ce5ed9c65126', 'venko@gmail.com', 'Венко', 'Венков', 'Венков', 'venko.venkov', '$2a$10$h8GW9Ff7oK8I0wuK39XXYenJvbaRNwQYNN8GUnmabmsNqaT3e9DmG'),
('d170ebc3-fb45-4fdd-b804-d084b6c09a97', 'venka@gmail.com', 'Венка', 'Венкова', 'Венкова', 'venka.venkov', '$2a$10$h8GW9Ff7oK8I0wuK39XXYenJvbaRNwQYNN8GUnmabmsNqaT3e9DmG'),
('94b6a42c-7b6b-48a5-9445-ae915be0f6cb', 'ventseslav@gmail.com', 'Венцеслав', 'Венцеславов', 'Венцеславов', 'ventseslav.ventseslavov', '$2a$10$h8GW9Ff7oK8I0wuK39XXYenJvbaRNwQYNN8GUnmabmsNqaT3e9DmG'),
('45e4f1e3-e1ab-4d5d-9b20-883afe593c04', 'ventseslava@gmail.com', 'Венцеслава', 'Венцеславова', 'Венцеславова', 'ventseslava.ventseslavova', '$2a$10$h8GW9Ff7oK8I0wuK39XXYenJvbaRNwQYNN8GUnmabmsNqaT3e9DmG'),
('51e50b2f-7449-46b1-a72b-b451d8728f34', 'vencomir@gmail.com', 'Венцомир', 'Венцомиров', 'Венцомиров', 'vencomir.vencomirov', '$2a$10$h8GW9Ff7oK8I0wuK39XXYenJvbaRNwQYNN8GUnmabmsNqaT3e9DmG'),
('8f31f100-5c78-417d-a0d8-27f64b0d8c72', 'vencomira@gmail.com', 'Венцомира', 'Венцомирова', 'Венцомирова', 'vencomira.vencomirova', '$2a$10$h8GW9Ff7oK8I0wuK39XXYenJvbaRNwQYNN8GUnmabmsNqaT3e9DmG'),
('735ad798-41fa-4131-90a4-5dea8aee9eed', 'veradin@gmail.com', 'Верадин', 'Верадинов', 'Верадинов', 'veradin.veradinov', '$2a$10$h8GW9Ff7oK8I0wuK39XXYenJvbaRNwQYNN8GUnmabmsNqaT3e9DmG'),
('bcbf253f-41c4-4384-8b22-19dd32e54306', 'veradina@gmail.com', 'Верадина', 'Верадинов', 'Верадинов', 'veradina.veradinov', '$2a$10$h8GW9Ff7oK8I0wuK39XXYenJvbaRNwQYNN8GUnmabmsNqaT3e9DmG'),
('b756cf41-9c84-4d54-8e1b-64c80cac7189', 'veroslav@gmail.com', 'Верослав', 'Верославов', 'Верославов', 'veroslav.veroslavov', '$2a$10$h8GW9Ff7oK8I0wuK39XXYenJvbaRNwQYNN8GUnmabmsNqaT3e9DmG'),
('bcb399cb-0ad9-4c3f-a1a1-a56a46af4b21', 'veroslava@gmail.com', 'Верослава', 'Верославова', 'Верославова', 'veroslava.veroslavova', '$2a$10$h8GW9Ff7oK8I0wuK39XXYenJvbaRNwQYNN8GUnmabmsNqaT3e9DmG'),
('d05d2ecd-ab0e-41a4-8de3-5805f662370e', 'vesel@gmail.com', 'Весел', 'Веселов', 'Веселов', 'vesel.veselov', '$2a$10$h8GW9Ff7oK8I0wuK39XXYenJvbaRNwQYNN8GUnmabmsNqaT3e9DmG'),
('13bcec2d-ede6-44af-8223-a1ad9a99efcd', 'vesela@gmail.com', 'Весела', 'Веселова', 'Веселова', 'vesela.veselova', '$2a$10$h8GW9Ff7oK8I0wuK39XXYenJvbaRNwQYNN8GUnmabmsNqaT3e9DmG'),
('df9183e1-32bf-4faa-b4e1-9d68ff81421e', 'veselin@gmail.com', 'Веселин', 'Веселинов', 'Веселинов', 'veselin.veselinov', '$2a$10$h8GW9Ff7oK8I0wuK39XXYenJvbaRNwQYNN8GUnmabmsNqaT3e9DmG'),
('f360d963-3264-4c01-bb54-f3a9baf67d11', 'veselina@gmail.com', 'Веселина', 'Веселинова', 'Веселинова', 'veselina.veselinov', '$2a$10$h8GW9Ff7oK8I0wuK39XXYenJvbaRNwQYNN8GUnmabmsNqaT3e9DmG'),
('95eafd0d-5566-41a6-b501-f91806e6ff6b', 'vesislav@gmail.com', 'Весислав', 'Весиславов', 'Весиславов', 'vesislav.vesislavov', '$2a$10$h8GW9Ff7oK8I0wuK39XXYenJvbaRNwQYNN8GUnmabmsNqaT3e9DmG'),
('dea97aa1-c94a-48dd-a3b0-bc81f2f76de6', 'vesislava@gmail.com', 'Весислав', 'Весиславова', 'Весиславова', 'vesislava.vesislavov', '$2a$10$h8GW9Ff7oK8I0wuK39XXYenJvbaRNwQYNN8GUnmabmsNqaT3e9DmG'),

('e000619c-7f7e-4253-8f32-48c1ca18f073', 'vesko@gmail.com', 'Веско', 'Весков', 'Весков', 'vesko.veskoov', '$2a$10$h8GW9Ff7oK8I0wuK39XXYenJvbaRNwQYNN8GUnmabmsNqaT3e9DmG'),
('8a103481-f710-4946-8d59-61bfec0cb104', 'veska@gmail.com', 'Веска', 'Вескова', 'Вескова', 'veska.veskoova', '$2a$10$h8GW9Ff7oK8I0wuK39XXYenJvbaRNwQYNN8GUnmabmsNqaT3e9DmG'),
('f6299961-e5b5-44fc-ace5-57bb6278d9a9', 'vetko@gmail.com', 'Ветко', 'Ветков', 'Ветков', 'vetko.vetkov', '$2a$10$h8GW9Ff7oK8I0wuK39XXYenJvbaRNwQYNN8GUnmabmsNqaT3e9DmG'),
('31dd0ca1-2b57-4862-a5f5-196716fc2ef1', 'vetka@gmail.com', 'Ветка', 'Веткова', 'Веткова', 'vetka.vetkova', '$2a$10$h8GW9Ff7oK8I0wuK39XXYenJvbaRNwQYNN8GUnmabmsNqaT3e9DmG'),
('60b983ac-10b8-48b6-9ff0-99bfedb92bf7', 'vechko@gmail.com', 'Вечко', 'Вечков', 'Вечков', 'vechko.vechkov', '$2a$10$h8GW9Ff7oK8I0wuK39XXYenJvbaRNwQYNN8GUnmabmsNqaT3e9DmG'),
('6b9216b4-d9ec-489e-886d-bb3a108e3cc1', 'vechka@gmail.com', 'Вечка', 'Вечкова', 'Вечкова', 'vechka.vechkova', '$2a$10$h8GW9Ff7oK8I0wuK39XXYenJvbaRNwQYNN8GUnmabmsNqaT3e9DmG'),
('a84515fb-d522-4613-9ff8-391e33969bfb', 'videlin@gmail.com', 'Виделин', 'Виделинов', 'Виделинов', 'videlin.videlinov', '$2a$10$h8GW9Ff7oK8I0wuK39XXYenJvbaRNwQYNN8GUnmabmsNqaT3e9DmG'),
('a3af5d54-d6ba-4331-9c92-c72b92245e63', 'videlina@gmail.com', 'Виделина', 'Виделинова', 'Виделинова', 'videlina.videlinova', '$2a$10$h8GW9Ff7oK8I0wuK39XXYenJvbaRNwQYNN8GUnmabmsNqaT3e9DmG'),
('8c972524-301d-4a29-994a-f37afce565f0', 'vidoslav@gmail.com', 'Видослав', 'Видославов', 'Видославов', 'vidoslav.vidoslavov', '$2a$10$h8GW9Ff7oK8I0wuK39XXYenJvbaRNwQYNN8GUnmabmsNqaT3e9DmG'),
('165ed452-82fb-4a33-b142-de1063871982', 'vidoslava@gmail.com', 'Видослава', 'Видославова', 'Видославова', 'vidoslava.vidoslavova', '$2a$10$h8GW9Ff7oK8I0wuK39XXYenJvbaRNwQYNN8GUnmabmsNqaT3e9DmG'),
('e5f7526c-064d-467c-8474-b81a383bacbf', 'viktor@gmail.com', 'Виктор', 'Викторов', 'Викторов', 'viktor.viktorov', '$2a$10$h8GW9Ff7oK8I0wuK39XXYenJvbaRNwQYNN8GUnmabmsNqaT3e9DmG'),
('560567a2-b11c-4a86-bbeb-0ead2cecbd01', 'viktoriya@gmail.com', 'Виктория', 'Викторова', 'Викторова', 'viktoriya.viktorova', '$2a$10$h8GW9Ff7oK8I0wuK39XXYenJvbaRNwQYNN8GUnmabmsNqaT3e9DmG'),
('ff5a44fe-57ac-4ec2-8b8f-634d31bb527a', 'vilian@gmail.com', 'Вилиан', 'Вилианов', 'Вилианов', 'vilian.vilianov', '$2a$10$h8GW9Ff7oK8I0wuK39XXYenJvbaRNwQYNN8GUnmabmsNqaT3e9DmG'),
('d98cd513-eb39-42b0-8fe1-ff8963848ada', 'viliana@gmail.com', 'Вилиана', 'Вилианова', 'Вилианова', 'viliana.vilianova', '$2a$10$h8GW9Ff7oK8I0wuK39XXYenJvbaRNwQYNN8GUnmabmsNqaT3e9DmG'),
('014de494-64e7-4642-bd4a-91bf59ab8a34', 'vilizar@gmail.com', 'Вилизар', 'Вилизаров', 'Вилизаров', 'vilizar.vilizarov', '$2a$10$h8GW9Ff7oK8I0wuK39XXYenJvbaRNwQYNN8GUnmabmsNqaT3e9DmG'),
('230b190c-4cc9-4b06-a6e8-37fbc0b23894', 'vilizara@gmail.com', 'Вилизара', 'Вилизарова', 'Вилизарова', 'vilizara.vilizarova', '$2a$10$h8GW9Ff7oK8I0wuK39XXYenJvbaRNwQYNN8GUnmabmsNqaT3e9DmG'),
('21a06119-38d6-45ee-a350-e4dc0a71962f', 'vilislav@gmail.com', 'Вилислав', 'Вилиславов', 'Вилиславов', 'vilislav.vilislavov', '$2a$10$h8GW9Ff7oK8I0wuK39XXYenJvbaRNwQYNN8GUnmabmsNqaT3e9DmG'),
('a6a7bb16-79c7-4806-853a-96a1bd6606cc', 'vilislava@gmail.com', 'Вилислава', 'Вилиславова', 'Вилиславова', 'vilislava.vilislavova', '$2a$10$h8GW9Ff7oK8I0wuK39XXYenJvbaRNwQYNN8GUnmabmsNqaT3e9DmG'),
('3b5261a6-ebde-43ac-bd3c-e51e511f2bff', 'viliyan@gmail.com', 'Вилиян', 'Вилиянов', 'Вилиянов', 'viliyan.viliyanov', '$2a$10$h8GW9Ff7oK8I0wuK39XXYenJvbaRNwQYNN8GUnmabmsNqaT3e9DmG'),
('1b162775-1d15-4f7a-a9a9-a62ce29252fc', 'viliyana@gmail.com', 'Вилияна', 'Вилиянова', 'Вилиянова', 'viliyana.viliyanov', '$2a$10$h8GW9Ff7oK8I0wuK39XXYenJvbaRNwQYNN8GUnmabmsNqaT3e9DmG'),

('b3e8b0c9-5acd-42a0-87e5-b8de1e876d7d', 'violin@gmail.com', 'Виолин', 'Виолинов', 'Виолинов', 'violin.violinov', '$2a$10$h8GW9Ff7oK8I0wuK39XXYenJvbaRNwQYNN8GUnmabmsNqaT3e9DmG'),
('2ce931d4-ceca-4af4-bed0-098faa8c268d', 'violina@gmail.com', 'Виолин', 'Виолинова', 'Виолинова', 'violina.violinov', '$2a$10$h8GW9Ff7oK8I0wuK39XXYenJvbaRNwQYNN8GUnmabmsNqaT3e9DmG'),
('b902fa34-e0c6-45ef-82c0-e8eef7427dd1', 'vitan@gmail.com', 'Витан', 'Витанов', 'Витанов', 'vitan.vitanov', '$2a$10$h8GW9Ff7oK8I0wuK39XXYenJvbaRNwQYNN8GUnmabmsNqaT3e9DmG'),
('838a9767-9e00-4204-90b8-482cd06bfbae', 'vitana@gmail.com', 'Витана', 'Витанова', 'Витанова', 'vitana.vitanova', '$2a$10$h8GW9Ff7oK8I0wuK39XXYenJvbaRNwQYNN8GUnmabmsNqaT3e9DmG'),
('8f25b6da-1948-4c00-8009-a68c8b39c3b1', 'vitko@gmail.com', 'Витко', 'Витков', 'Витков', 'vitko.vitkov', '$2a$10$h8GW9Ff7oK8I0wuK39XXYenJvbaRNwQYNN8GUnmabmsNqaT3e9DmG'),
('2c816a24-d71a-4825-814a-c977e3007cfa', 'vitka@gmail.com', 'Витка', 'Виткова', 'Виткова', 'vitka.vitkova', '$2a$10$h8GW9Ff7oK8I0wuK39XXYenJvbaRNwQYNN8GUnmabmsNqaT3e9DmG'),
('e056d670-591c-4f32-92de-c58eba981d68', 'vitliyan@gmail.com', 'Витлян', 'Витлянов', 'Витлянов', 'vitliyan.vitliyanov', '$2a$10$h8GW9Ff7oK8I0wuK39XXYenJvbaRNwQYNN8GUnmabmsNqaT3e9DmG'),
('0b8a0c94-891e-4bd8-8d81-a71dd7c92be6', 'vitliyana@gmail.com', 'Витляна', 'Витлянова', 'Витлянова', 'vitliyana.vitliyanova', '$2a$10$h8GW9Ff7oK8I0wuK39XXYenJvbaRNwQYNN8GUnmabmsNqaT3e9DmG'),
('a165d2b3-578f-491e-a86b-831036260c55', 'vitomir@gmail.com', 'Витомир', 'Витомиров', 'Витомиров', 'vitomir.vitomirov', '$2a$10$h8GW9Ff7oK8I0wuK39XXYenJvbaRNwQYNN8GUnmabmsNqaT3e9DmG'),
('e78d2cc4-1979-4de8-94df-f42aa1336f51', 'vitomira@gmail.com', 'Витомира', 'Витомировва', 'Витомировва', 'vitomira.vitomirova', '$2a$10$h8GW9Ff7oK8I0wuK39XXYenJvbaRNwQYNN8GUnmabmsNqaT3e9DmG'),
('ca1861d9-36f5-450e-ac33-f6a5ccbe340b', 'vishan@gmail.com', 'Вишан', 'Вишанов', 'Вишанов', 'vishan.vishanov', '$2a$10$h8GW9Ff7oK8I0wuK39XXYenJvbaRNwQYNN8GUnmabmsNqaT3e9DmG'),
('150cfb60-d0e7-4990-a847-1924d2f42f3a', 'vishana@gmail.com', 'Вишана', 'Вишанова', 'Вишанова', 'vishana.vishanova', '$2a$10$h8GW9Ff7oK8I0wuK39XXYenJvbaRNwQYNN8GUnmabmsNqaT3e9DmG'),
('fce8ff95-4994-4af7-a736-bb2dfb96631b', 'vishetin@gmail.com', 'Вишетин', 'Вишетинов', 'Вишетинов', 'vishetin.vishetinov', '$2a$10$h8GW9Ff7oK8I0wuK39XXYenJvbaRNwQYNN8GUnmabmsNqaT3e9DmG'),
('51ed077d-a227-4bc3-b2cd-0baaadb75e37', 'vishetina@gmail.com', 'Вишетина', 'Вишетинова', 'Вишетинова', 'vishetina.vishetinov', '$2a$10$h8GW9Ff7oK8I0wuK39XXYenJvbaRNwQYNN8GUnmabmsNqaT3e9DmG'),
('e506fe57-7024-4d84-b9c6-d5cbb3cdd3e6', 'vlad@gmail.com', 'Влад', 'Владов', 'Владов', 'vlad.vladov', '$2a$10$h8GW9Ff7oK8I0wuK39XXYenJvbaRNwQYNN8GUnmabmsNqaT3e9DmG'),
('acc5382a-2e6c-4149-bcc0-e83e91ba0ab5', 'vlada@gmail.com', 'Влада', 'Владова', 'Владова', 'vlada.vladova', '$2a$10$h8GW9Ff7oK8I0wuK39XXYenJvbaRNwQYNN8GUnmabmsNqaT3e9DmG'),
('182b62fe-f3a2-4606-b878-c32469f44812', 'vladimir@gmail.com', 'Владимир', 'Владимиров', 'Владимиров', 'vladimir.vladimirov', '$2a$10$h8GW9Ff7oK8I0wuK39XXYenJvbaRNwQYNN8GUnmabmsNqaT3e9DmG'),
('0d58c87f-d9ce-47f9-8619-fd8dd45e0f19', 'vladimira@gmail.com', 'Владимира', 'Владимирова', 'Владимирова', 'vladimira.vladimirov', '$2a$10$h8GW9Ff7oK8I0wuK39XXYenJvbaRNwQYNN8GUnmabmsNqaT3e9DmG'),
('5ef300de-5093-457c-8669-e48ea6dbaab5', 'vladin@gmail.com', 'Владин', 'Владинов', 'Владинов', 'vladin.vladinov', '$2a$10$h8GW9Ff7oK8I0wuK39XXYenJvbaRNwQYNN8GUnmabmsNqaT3e9DmG'),
('84e85e8e-9bb5-4b2f-af09-3df7248e9219', 'vladina@gmail.com', 'Владина', 'Владинова', 'Владинова', 'vladina.vladinov', '$2a$10$h8GW9Ff7oK8I0wuK39XXYenJvbaRNwQYNN8GUnmabmsNqaT3e9DmG'),

('1204b918-81a0-4fbb-91e0-f01f2ceff78f', 'vladislav@gmail.com', 'Владислав', 'Владиславов', 'Владиславов', 'vladislav.vladislavov', '$2a$10$h8GW9Ff7oK8I0wuK39XXYenJvbaRNwQYNN8GUnmabmsNqaT3e9DmG'),
('b27c0e15-e6c9-487a-be97-6d81a4330ab8', 'vladislava@gmail.com', 'Владислава', 'Владиславова', 'Владиславова', 'vladislava.vladislavova', '$2a$10$h8GW9Ff7oK8I0wuK39XXYenJvbaRNwQYNN8GUnmabmsNqaT3e9DmG'),
('6798f308-3030-4d9f-a1c4-1d5a14f3d091', 'volen@gmail.com', 'Волен', 'Воленов', 'Воленов', 'volen.volenov', '$2a$10$h8GW9Ff7oK8I0wuK39XXYenJvbaRNwQYNN8GUnmabmsNqaT3e9DmG'),
('60ca8654-4eff-48cc-9133-6738e65e0de0', 'volena@gmail.com', 'Волена', 'Воленова', 'Воленова', 'volena.volenova', '$2a$10$h8GW9Ff7oK8I0wuK39XXYenJvbaRNwQYNN8GUnmabmsNqaT3e9DmG'),
('4b34c9c2-0fbd-45dd-8cc0-7a99484e8433', 'vulchan@gmail.com', 'Вълчан', 'Вълчанов', 'Вълчанов', 'vulchan.vulchanov', '$2a$10$h8GW9Ff7oK8I0wuK39XXYenJvbaRNwQYNN8GUnmabmsNqaT3e9DmG'),
('30e28ab8-cb20-4f22-b8d3-f3de4c528e5c', 'vulchana@gmail.com', 'Вълчана', 'Вълчанова', 'Вълчанова', 'vulchana.vulchanova', '$2a$10$h8GW9Ff7oK8I0wuK39XXYenJvbaRNwQYNN8GUnmabmsNqaT3e9DmG'),
('38525000-8e8e-4c00-a726-8448db0af69a', 'vulchin@gmail.com', 'Вълчин', 'Вълчинов', 'Вълчинов', 'vulchin.vulchinov', '$2a$10$h8GW9Ff7oK8I0wuK39XXYenJvbaRNwQYNN8GUnmabmsNqaT3e9DmG'),
('bb65fe54-86ff-4fec-a7ab-7fc2eb75a091', 'vulchina@gmail.com', 'Вълчина', 'Вълчинова', 'Вълчинова', 'vulchina.vulchinova', '$2a$10$h8GW9Ff7oK8I0wuK39XXYenJvbaRNwQYNN8GUnmabmsNqaT3e9DmG'),
('4c04a693-6eec-4abd-9985-cc52f9c98474', 'vurban@gmail.com', 'Върбан', 'Върбанов', 'Върбанов', 'vurban.vurbanov', '$2a$10$h8GW9Ff7oK8I0wuK39XXYenJvbaRNwQYNN8GUnmabmsNqaT3e9DmG'),
('1ba436a3-aafb-4df1-bed9-d2c5dfdcde3f', 'vurbana@gmail.com', 'Върбана', 'Върбанова', 'Върбанов', 'vurban.vurbanova', '$2a$10$h8GW9Ff7oK8I0wuK39XXYenJvbaRNwQYNN8GUnmabmsNqaT3e9DmG'),
('a014d12f-619c-401c-8144-c29bacf99f18', 'vurbin@gmail.com', 'Върбин', 'Върбинюов', 'Върбинюов', 'vurbin.vurbinov', '$2a$10$h8GW9Ff7oK8I0wuK39XXYenJvbaRNwQYNN8GUnmabmsNqaT3e9DmG'),
('5577e021-eb4e-47f3-8645-d2c2239ff79e', 'vurbina@gmail.com', 'Върбина', 'Върбинюова', 'Върбинюова', 'vurbina.vurbinova', '$2a$10$h8GW9Ff7oK8I0wuK39XXYenJvbaRNwQYNN8GUnmabmsNqaT3e9DmG'),
('f887d076-8380-4961-9c24-9905b55aa10d', 'vutko@gmail.com', 'Витко', 'Витков', 'Витков', 'vutko.vutkov', '$2a$10$h8GW9Ff7oK8I0wuK39XXYenJvbaRNwQYNN8GUnmabmsNqaT3e9DmG'),
('e49bf930-c2fe-4cd1-b5c0-5e642471dce1', 'vutka@gmail.com', 'Витка', 'Виткова', 'Виткова', 'vutka.vutkova', '$2a$10$h8GW9Ff7oK8I0wuK39XXYenJvbaRNwQYNN8GUnmabmsNqaT3e9DmG'),
('6e998750-ba29-4e35-86d3-a8ea5d65ec35', 'gabriel@gmail.com', 'Габриел', 'Габриелов', 'Габриелов', 'gabriel.gabrielov', '$2a$10$h8GW9Ff7oK8I0wuK39XXYenJvbaRNwQYNN8GUnmabmsNqaT3e9DmG'),
('2c2b274c-9900-4939-9216-68133ae70ee1', 'gabriela@gmail.com', 'Габриела', 'Габриелова', 'Габриелова', 'gabriela.gabrielova', '$2a$10$h8GW9Ff7oK8I0wuK39XXYenJvbaRNwQYNN8GUnmabmsNqaT3e9DmG'),
('ff324c4d-ea83-4211-8c75-5fffad3e0835', 'gavril@gmail.com', 'Гаврил', 'Гаврилов', 'Гаврилов', 'gavril.gavrilov', '$2a$10$h8GW9Ff7oK8I0wuK39XXYenJvbaRNwQYNN8GUnmabmsNqaT3e9DmG'),
('f85d7942-edd4-411d-9ff1-beb9902938c7', 'gavrila@gmail.com', 'Гаврила', 'Гаврилова', 'Гаврилова', 'gavrila.gavrilova', '$2a$10$h8GW9Ff7oK8I0wuK39XXYenJvbaRNwQYNN8GUnmabmsNqaT3e9DmG'),
('9954463e-13d9-4a95-8f75-32db50ebcbeb', 'galabin@gmail.com', 'Галабин', 'Галабинов', 'Галабинов', 'galabin.galabinov', '$2a$10$h8GW9Ff7oK8I0wuK39XXYenJvbaRNwQYNN8GUnmabmsNqaT3e9DmG'),
('d5ec5745-d5d0-4fc7-9efe-130e9f607ace', 'galabinа@gmail.com', 'Галабина', 'Галабинова', 'Галабинова', 'galabina.galabinova', '$2a$10$h8GW9Ff7oK8I0wuK39XXYenJvbaRNwQYNN8GUnmabmsNqaT3e9DmG'),

('ca77c19d-53e4-419d-9a34-b0a5004372a7', 'galen@gmail.com', 'Гален', 'Галенов', 'Галенов', 'galen.galenov', '$2a$10$h8GW9Ff7oK8I0wuK39XXYenJvbaRNwQYNN8GUnmabmsNqaT3e9DmG'),
('d853de87-e787-443f-a0be-40147e62d6c3', 'galena@gmail.com', 'Галена', 'Галенова', 'Галенова', 'galena.galenova', '$2a$10$h8GW9Ff7oK8I0wuK39XXYenJvbaRNwQYNN8GUnmabmsNqaT3e9DmG'),
('40be6f1f-21a6-426f-ac6d-01b8505fb3a4', 'galin@gmail.com', 'Галин', 'Галинов', 'Галинов', 'galin.galinov', '$2a$10$h8GW9Ff7oK8I0wuK39XXYenJvbaRNwQYNN8GUnmabmsNqaT3e9DmG'),
('755fc8be-4867-4a49-9a22-bd36367b6c44', 'galina@gmail.com', 'Галина', 'Галинова', 'Галинова', 'galina.galinova', '$2a$10$h8GW9Ff7oK8I0wuK39XXYenJvbaRNwQYNN8GUnmabmsNqaT3e9DmG'),
('f8621a55-d31d-42e5-9429-193fea1360d6', 'ganimir@gmail.com', 'Ганимир', 'Ганимиров', 'Ганимиров', 'ganimir.ganimirov', '$2a$10$h8GW9Ff7oK8I0wuK39XXYenJvbaRNwQYNN8GUnmabmsNqaT3e9DmG'),
('8a605121-b1da-42ee-8b94-aa44b461b56e', 'ganimira@gmail.com', 'Ганимира', 'Ганимирова', 'Ганимирова', 'ganimira.ganimirova', '$2a$10$h8GW9Ff7oK8I0wuK39XXYenJvbaRNwQYNN8GUnmabmsNqaT3e9DmG'),
('d530a350-f7c5-4255-8af6-3cb9cec4efb8', 'ganislav@gmail.com', 'Ганислав', 'Ганиславов', 'Ганиславов', 'ganislav.ganislavov', '$2a$10$h8GW9Ff7oK8I0wuK39XXYenJvbaRNwQYNN8GUnmabmsNqaT3e9DmG'),
('00af9c3e-bfa4-4233-a2c4-008de4c7b06d', 'ganislava@gmail.com', 'Ганислава', 'Ганиславова', 'Ганиславова', 'ganislava.ganislavov', '$2a$10$h8GW9Ff7oK8I0wuK39XXYenJvbaRNwQYNN8GUnmabmsNqaT3e9DmG'),
('35028575-8014-4ba5-8685-eacd372b1996', 'gancho@gmail.com', 'Ганчо', 'Ганчов', 'Ганчов', 'gancho.ganchov', '$2a$10$h8GW9Ff7oK8I0wuK39XXYenJvbaRNwQYNN8GUnmabmsNqaT3e9DmG'),
('4c1b2364-8ccd-4350-82cc-21d8d880278b', 'ganka@gmail.com', 'Ганка', 'Ганчов', 'Ганчов', 'ganka.ganchova', '$2a$10$h8GW9Ff7oK8I0wuK39XXYenJvbaRNwQYNN8GUnmabmsNqaT3e9DmG'),
('bcf650e7-2aac-4979-a068-44ce69360a96', 'goran@gmail.com', 'Горан', 'Горанов', 'Горанов', 'goran.goranov', '$2a$10$h8GW9Ff7oK8I0wuK39XXYenJvbaRNwQYNN8GUnmabmsNqaT3e9DmG'),
('95bc7642-d3ed-4f87-b5a7-043c3e8ad795', 'gergana@gmail.com', 'Гергана', 'Георгиева', 'Георгиева', 'gergana.georgieva', '$2a$10$h8GW9Ff7oK8I0wuK39XXYenJvbaRNwQYNN8GUnmabmsNqaT3e9DmG'),
('63e4d545-71c0-4dcd-af67-ed5b6450694e', 'gerasim@gmail.com', 'Герасим', 'Герасимов', 'Герасимов', 'gerasim.gerasimov', '$2a$10$h8GW9Ff7oK8I0wuK39XXYenJvbaRNwQYNN8GUnmabmsNqaT3e9DmG'),
('4a23efe2-1a21-447c-8b6f-b89dfe753e1c', 'gerasima@gmail.com', 'Герасима', 'Герасимова', 'Герасимова', 'gerasima.gerasimov', '$2a$10$h8GW9Ff7oK8I0wuK39XXYenJvbaRNwQYNN8GUnmabmsNqaT3e9DmG'),
('1ae40c1e-2731-4e70-9f30-c65b834eb56d', 'gosho@gmail.com', 'Гошо', 'Гошов', 'Гошов', 'gosho.goshov', '$2a$10$h8GW9Ff7oK8I0wuK39XXYenJvbaRNwQYNN8GUnmabmsNqaT3e9DmG'),
('4541036c-cfed-43bd-b232-3ad48e474de9', 'goshka@gmail.com', 'Гошка', 'Гошова', 'Гошова', 'goshka.goshova', '$2a$10$h8GW9Ff7oK8I0wuK39XXYenJvbaRNwQYNN8GUnmabmsNqaT3e9DmG');

INSERT INTO `ejournal`.`user_has_roles` (`user_id`, `role_id`)
VALUES
('cc5dd496-6153-461b-a5f2-81f6d8033f1b', 'e0fc94ae-d020-4571-bffe-c47ee9a09a0a'),
('f656129b-7712-4bc2-ae67-5abeebb17afa', 'e0fc94ae-d020-4571-bffe-c47ee9a09a0a'),
('1d6b47d4-bb6b-479d-bf85-5f9bd226bccc', 'e0fc94ae-d020-4571-bffe-c47ee9a09a0a'),
('47371c3a-c8a0-49a0-a9d7-2028de6df23c', 'e0fc94ae-d020-4571-bffe-c47ee9a09a0a'),
('eba034aa-e35b-4520-9e7e-ce5ed9c65126', 'e0fc94ae-d020-4571-bffe-c47ee9a09a0a'),
('d170ebc3-fb45-4fdd-b804-d084b6c09a97', 'e0fc94ae-d020-4571-bffe-c47ee9a09a0a'),
('94b6a42c-7b6b-48a5-9445-ae915be0f6cb', 'e0fc94ae-d020-4571-bffe-c47ee9a09a0a'),
('45e4f1e3-e1ab-4d5d-9b20-883afe593c04', 'e0fc94ae-d020-4571-bffe-c47ee9a09a0a'),
('51e50b2f-7449-46b1-a72b-b451d8728f34', 'e0fc94ae-d020-4571-bffe-c47ee9a09a0a'),
('8f31f100-5c78-417d-a0d8-27f64b0d8c72', 'e0fc94ae-d020-4571-bffe-c47ee9a09a0a'),
('735ad798-41fa-4131-90a4-5dea8aee9eed', 'e0fc94ae-d020-4571-bffe-c47ee9a09a0a'),
('bcbf253f-41c4-4384-8b22-19dd32e54306', 'e0fc94ae-d020-4571-bffe-c47ee9a09a0a'),
('b756cf41-9c84-4d54-8e1b-64c80cac7189', 'e0fc94ae-d020-4571-bffe-c47ee9a09a0a'),
('bcb399cb-0ad9-4c3f-a1a1-a56a46af4b21', 'e0fc94ae-d020-4571-bffe-c47ee9a09a0a'),
('d05d2ecd-ab0e-41a4-8de3-5805f662370e', 'e0fc94ae-d020-4571-bffe-c47ee9a09a0a'),
('13bcec2d-ede6-44af-8223-a1ad9a99efcd', 'e0fc94ae-d020-4571-bffe-c47ee9a09a0a'),
('df9183e1-32bf-4faa-b4e1-9d68ff81421e', 'e0fc94ae-d020-4571-bffe-c47ee9a09a0a'),
('f360d963-3264-4c01-bb54-f3a9baf67d11', 'e0fc94ae-d020-4571-bffe-c47ee9a09a0a'),
('95eafd0d-5566-41a6-b501-f91806e6ff6b', 'e0fc94ae-d020-4571-bffe-c47ee9a09a0a'),
('dea97aa1-c94a-48dd-a3b0-bc81f2f76de6', 'e0fc94ae-d020-4571-bffe-c47ee9a09a0a'),

('e000619c-7f7e-4253-8f32-48c1ca18f073', 'e0fc94ae-d020-4571-bffe-c47ee9a09a0a'),
('8a103481-f710-4946-8d59-61bfec0cb104', 'e0fc94ae-d020-4571-bffe-c47ee9a09a0a'),
('f6299961-e5b5-44fc-ace5-57bb6278d9a9', 'e0fc94ae-d020-4571-bffe-c47ee9a09a0a'),
('31dd0ca1-2b57-4862-a5f5-196716fc2ef1', 'e0fc94ae-d020-4571-bffe-c47ee9a09a0a'),
('60b983ac-10b8-48b6-9ff0-99bfedb92bf7', 'e0fc94ae-d020-4571-bffe-c47ee9a09a0a'),
('6b9216b4-d9ec-489e-886d-bb3a108e3cc1', 'e0fc94ae-d020-4571-bffe-c47ee9a09a0a'),
('a84515fb-d522-4613-9ff8-391e33969bfb', 'e0fc94ae-d020-4571-bffe-c47ee9a09a0a'),
('a3af5d54-d6ba-4331-9c92-c72b92245e63', 'e0fc94ae-d020-4571-bffe-c47ee9a09a0a'),
('8c972524-301d-4a29-994a-f37afce565f0', 'e0fc94ae-d020-4571-bffe-c47ee9a09a0a'),
('165ed452-82fb-4a33-b142-de1063871982', 'e0fc94ae-d020-4571-bffe-c47ee9a09a0a'),
('e5f7526c-064d-467c-8474-b81a383bacbf', 'e0fc94ae-d020-4571-bffe-c47ee9a09a0a'),
('560567a2-b11c-4a86-bbeb-0ead2cecbd01', 'e0fc94ae-d020-4571-bffe-c47ee9a09a0a'),
('ff5a44fe-57ac-4ec2-8b8f-634d31bb527a', 'e0fc94ae-d020-4571-bffe-c47ee9a09a0a'),
('d98cd513-eb39-42b0-8fe1-ff8963848ada', 'e0fc94ae-d020-4571-bffe-c47ee9a09a0a'),
('014de494-64e7-4642-bd4a-91bf59ab8a34', 'e0fc94ae-d020-4571-bffe-c47ee9a09a0a'),
('230b190c-4cc9-4b06-a6e8-37fbc0b23894', 'e0fc94ae-d020-4571-bffe-c47ee9a09a0a'),
('21a06119-38d6-45ee-a350-e4dc0a71962f', 'e0fc94ae-d020-4571-bffe-c47ee9a09a0a'),
('a6a7bb16-79c7-4806-853a-96a1bd6606cc', 'e0fc94ae-d020-4571-bffe-c47ee9a09a0a'),
('3b5261a6-ebde-43ac-bd3c-e51e511f2bff', 'e0fc94ae-d020-4571-bffe-c47ee9a09a0a'),
('1b162775-1d15-4f7a-a9a9-a62ce29252fc', 'e0fc94ae-d020-4571-bffe-c47ee9a09a0a'),

('b3e8b0c9-5acd-42a0-87e5-b8de1e876d7d', 'e0fc94ae-d020-4571-bffe-c47ee9a09a0a'),
('2ce931d4-ceca-4af4-bed0-098faa8c268d', 'e0fc94ae-d020-4571-bffe-c47ee9a09a0a'),
('b902fa34-e0c6-45ef-82c0-e8eef7427dd1', 'e0fc94ae-d020-4571-bffe-c47ee9a09a0a'),
('838a9767-9e00-4204-90b8-482cd06bfbae', 'e0fc94ae-d020-4571-bffe-c47ee9a09a0a'),
('8f25b6da-1948-4c00-8009-a68c8b39c3b1', 'e0fc94ae-d020-4571-bffe-c47ee9a09a0a'),
('2c816a24-d71a-4825-814a-c977e3007cfa', 'e0fc94ae-d020-4571-bffe-c47ee9a09a0a'),
('e056d670-591c-4f32-92de-c58eba981d68', 'e0fc94ae-d020-4571-bffe-c47ee9a09a0a'),
('0b8a0c94-891e-4bd8-8d81-a71dd7c92be6', 'e0fc94ae-d020-4571-bffe-c47ee9a09a0a'),
('a165d2b3-578f-491e-a86b-831036260c55', 'e0fc94ae-d020-4571-bffe-c47ee9a09a0a'),
('e78d2cc4-1979-4de8-94df-f42aa1336f51', 'e0fc94ae-d020-4571-bffe-c47ee9a09a0a'),
('ca1861d9-36f5-450e-ac33-f6a5ccbe340b', 'e0fc94ae-d020-4571-bffe-c47ee9a09a0a'),
('150cfb60-d0e7-4990-a847-1924d2f42f3a', 'e0fc94ae-d020-4571-bffe-c47ee9a09a0a'),
('fce8ff95-4994-4af7-a736-bb2dfb96631b', 'e0fc94ae-d020-4571-bffe-c47ee9a09a0a'),
('51ed077d-a227-4bc3-b2cd-0baaadb75e37', 'e0fc94ae-d020-4571-bffe-c47ee9a09a0a'),
('e506fe57-7024-4d84-b9c6-d5cbb3cdd3e6', 'e0fc94ae-d020-4571-bffe-c47ee9a09a0a'),
('acc5382a-2e6c-4149-bcc0-e83e91ba0ab5', 'e0fc94ae-d020-4571-bffe-c47ee9a09a0a'),
('182b62fe-f3a2-4606-b878-c32469f44812', 'e0fc94ae-d020-4571-bffe-c47ee9a09a0a'),
('0d58c87f-d9ce-47f9-8619-fd8dd45e0f19', 'e0fc94ae-d020-4571-bffe-c47ee9a09a0a'),
('5ef300de-5093-457c-8669-e48ea6dbaab5', 'e0fc94ae-d020-4571-bffe-c47ee9a09a0a'),
('84e85e8e-9bb5-4b2f-af09-3df7248e9219', 'e0fc94ae-d020-4571-bffe-c47ee9a09a0a'),

('1204b918-81a0-4fbb-91e0-f01f2ceff78f', 'e0fc94ae-d020-4571-bffe-c47ee9a09a0a'),
('b27c0e15-e6c9-487a-be97-6d81a4330ab8', 'e0fc94ae-d020-4571-bffe-c47ee9a09a0a'),
('6798f308-3030-4d9f-a1c4-1d5a14f3d091', 'e0fc94ae-d020-4571-bffe-c47ee9a09a0a'),
('60ca8654-4eff-48cc-9133-6738e65e0de0', 'e0fc94ae-d020-4571-bffe-c47ee9a09a0a'),
('4b34c9c2-0fbd-45dd-8cc0-7a99484e8433', 'e0fc94ae-d020-4571-bffe-c47ee9a09a0a'),
('30e28ab8-cb20-4f22-b8d3-f3de4c528e5c', 'e0fc94ae-d020-4571-bffe-c47ee9a09a0a'),
('38525000-8e8e-4c00-a726-8448db0af69a', 'e0fc94ae-d020-4571-bffe-c47ee9a09a0a'),
('bb65fe54-86ff-4fec-a7ab-7fc2eb75a091', 'e0fc94ae-d020-4571-bffe-c47ee9a09a0a'),
('4c04a693-6eec-4abd-9985-cc52f9c98474', 'e0fc94ae-d020-4571-bffe-c47ee9a09a0a'),
('1ba436a3-aafb-4df1-bed9-d2c5dfdcde3f', 'e0fc94ae-d020-4571-bffe-c47ee9a09a0a'),
('a014d12f-619c-401c-8144-c29bacf99f18', 'e0fc94ae-d020-4571-bffe-c47ee9a09a0a'),
('5577e021-eb4e-47f3-8645-d2c2239ff79e', 'e0fc94ae-d020-4571-bffe-c47ee9a09a0a'),
('f887d076-8380-4961-9c24-9905b55aa10d', 'e0fc94ae-d020-4571-bffe-c47ee9a09a0a'),
('e49bf930-c2fe-4cd1-b5c0-5e642471dce1', 'e0fc94ae-d020-4571-bffe-c47ee9a09a0a'),
('6e998750-ba29-4e35-86d3-a8ea5d65ec35', 'e0fc94ae-d020-4571-bffe-c47ee9a09a0a'),
('2c2b274c-9900-4939-9216-68133ae70ee1', 'e0fc94ae-d020-4571-bffe-c47ee9a09a0a'),
('ff324c4d-ea83-4211-8c75-5fffad3e0835', 'e0fc94ae-d020-4571-bffe-c47ee9a09a0a'),
('f85d7942-edd4-411d-9ff1-beb9902938c7', 'e0fc94ae-d020-4571-bffe-c47ee9a09a0a'),
('9954463e-13d9-4a95-8f75-32db50ebcbeb', 'e0fc94ae-d020-4571-bffe-c47ee9a09a0a'),
('d5ec5745-d5d0-4fc7-9efe-130e9f607ace', 'e0fc94ae-d020-4571-bffe-c47ee9a09a0a'),

('ca77c19d-53e4-419d-9a34-b0a5004372a7', 'e0fc94ae-d020-4571-bffe-c47ee9a09a0a'),
('d853de87-e787-443f-a0be-40147e62d6c3', 'e0fc94ae-d020-4571-bffe-c47ee9a09a0a'),
('40be6f1f-21a6-426f-ac6d-01b8505fb3a4', 'e0fc94ae-d020-4571-bffe-c47ee9a09a0a'),
('755fc8be-4867-4a49-9a22-bd36367b6c44', 'e0fc94ae-d020-4571-bffe-c47ee9a09a0a'),
('f8621a55-d31d-42e5-9429-193fea1360d6', 'e0fc94ae-d020-4571-bffe-c47ee9a09a0a'),
('8a605121-b1da-42ee-8b94-aa44b461b56e', 'e0fc94ae-d020-4571-bffe-c47ee9a09a0a'),
('d530a350-f7c5-4255-8af6-3cb9cec4efb8', 'e0fc94ae-d020-4571-bffe-c47ee9a09a0a'),
('00af9c3e-bfa4-4233-a2c4-008de4c7b06d', 'e0fc94ae-d020-4571-bffe-c47ee9a09a0a'),
('35028575-8014-4ba5-8685-eacd372b1996', 'e0fc94ae-d020-4571-bffe-c47ee9a09a0a'),
('4c1b2364-8ccd-4350-82cc-21d8d880278b', 'e0fc94ae-d020-4571-bffe-c47ee9a09a0a'),
('bcf650e7-2aac-4979-a068-44ce69360a96', 'e0fc94ae-d020-4571-bffe-c47ee9a09a0a'),
('95bc7642-d3ed-4f87-b5a7-043c3e8ad795', 'e0fc94ae-d020-4571-bffe-c47ee9a09a0a'),
('63e4d545-71c0-4dcd-af67-ed5b6450694e', 'e0fc94ae-d020-4571-bffe-c47ee9a09a0a'),
('4a23efe2-1a21-447c-8b6f-b89dfe753e1c', 'e0fc94ae-d020-4571-bffe-c47ee9a09a0a'),
('1ae40c1e-2731-4e70-9f30-c65b834eb56d', 'e0fc94ae-d020-4571-bffe-c47ee9a09a0a'),
('4541036c-cfed-43bd-b232-3ad48e474de9', 'e0fc94ae-d020-4571-bffe-c47ee9a09a0a');

INSERT INTO `ejournal`.`parents` (`id`)
VALUES
('cc5dd496-6153-461b-a5f2-81f6d8033f1b'),
('f656129b-7712-4bc2-ae67-5abeebb17afa'),
('1d6b47d4-bb6b-479d-bf85-5f9bd226bccc'),
('47371c3a-c8a0-49a0-a9d7-2028de6df23c'),
('eba034aa-e35b-4520-9e7e-ce5ed9c65126'),
('d170ebc3-fb45-4fdd-b804-d084b6c09a97'),
('94b6a42c-7b6b-48a5-9445-ae915be0f6cb'),
('45e4f1e3-e1ab-4d5d-9b20-883afe593c04'),
('51e50b2f-7449-46b1-a72b-b451d8728f34'),
('8f31f100-5c78-417d-a0d8-27f64b0d8c72'),
('735ad798-41fa-4131-90a4-5dea8aee9eed'),
('bcbf253f-41c4-4384-8b22-19dd32e54306'),
('b756cf41-9c84-4d54-8e1b-64c80cac7189'),
('bcb399cb-0ad9-4c3f-a1a1-a56a46af4b21'),
('d05d2ecd-ab0e-41a4-8de3-5805f662370e'),
('13bcec2d-ede6-44af-8223-a1ad9a99efcd'),
('df9183e1-32bf-4faa-b4e1-9d68ff81421e'),
('f360d963-3264-4c01-bb54-f3a9baf67d11'),
('95eafd0d-5566-41a6-b501-f91806e6ff6b'),
('dea97aa1-c94a-48dd-a3b0-bc81f2f76de6'),

('e000619c-7f7e-4253-8f32-48c1ca18f073'),
('8a103481-f710-4946-8d59-61bfec0cb104'),
('f6299961-e5b5-44fc-ace5-57bb6278d9a9'),
('31dd0ca1-2b57-4862-a5f5-196716fc2ef1'),
('60b983ac-10b8-48b6-9ff0-99bfedb92bf7'),
('6b9216b4-d9ec-489e-886d-bb3a108e3cc1'),
('a84515fb-d522-4613-9ff8-391e33969bfb'),
('a3af5d54-d6ba-4331-9c92-c72b92245e63'),
('8c972524-301d-4a29-994a-f37afce565f0'),
('165ed452-82fb-4a33-b142-de1063871982'),
('e5f7526c-064d-467c-8474-b81a383bacbf'),
('560567a2-b11c-4a86-bbeb-0ead2cecbd01'),
('ff5a44fe-57ac-4ec2-8b8f-634d31bb527a'),
('d98cd513-eb39-42b0-8fe1-ff8963848ada'),
('014de494-64e7-4642-bd4a-91bf59ab8a34'),
('230b190c-4cc9-4b06-a6e8-37fbc0b23894'),
('21a06119-38d6-45ee-a350-e4dc0a71962f'),
('a6a7bb16-79c7-4806-853a-96a1bd6606cc'),
('3b5261a6-ebde-43ac-bd3c-e51e511f2bff'),
('1b162775-1d15-4f7a-a9a9-a62ce29252fc'),

('b3e8b0c9-5acd-42a0-87e5-b8de1e876d7d'),
('2ce931d4-ceca-4af4-bed0-098faa8c268d'),
('b902fa34-e0c6-45ef-82c0-e8eef7427dd1'),
('838a9767-9e00-4204-90b8-482cd06bfbae'),
('8f25b6da-1948-4c00-8009-a68c8b39c3b1'),
('2c816a24-d71a-4825-814a-c977e3007cfa'),
('e056d670-591c-4f32-92de-c58eba981d68'),
('0b8a0c94-891e-4bd8-8d81-a71dd7c92be6'),
('a165d2b3-578f-491e-a86b-831036260c55'),
('e78d2cc4-1979-4de8-94df-f42aa1336f51'),
('ca1861d9-36f5-450e-ac33-f6a5ccbe340b'),
('150cfb60-d0e7-4990-a847-1924d2f42f3a'),
('fce8ff95-4994-4af7-a736-bb2dfb96631b'),
('51ed077d-a227-4bc3-b2cd-0baaadb75e37'),
('e506fe57-7024-4d84-b9c6-d5cbb3cdd3e6'),
('acc5382a-2e6c-4149-bcc0-e83e91ba0ab5'),
('182b62fe-f3a2-4606-b878-c32469f44812'),
('0d58c87f-d9ce-47f9-8619-fd8dd45e0f19'),
('5ef300de-5093-457c-8669-e48ea6dbaab5'),
('84e85e8e-9bb5-4b2f-af09-3df7248e9219'),

('1204b918-81a0-4fbb-91e0-f01f2ceff78f'),
('b27c0e15-e6c9-487a-be97-6d81a4330ab8'),
('6798f308-3030-4d9f-a1c4-1d5a14f3d091'),
('60ca8654-4eff-48cc-9133-6738e65e0de0'),
('4b34c9c2-0fbd-45dd-8cc0-7a99484e8433'),
('30e28ab8-cb20-4f22-b8d3-f3de4c528e5c'),
('38525000-8e8e-4c00-a726-8448db0af69a'),
('bb65fe54-86ff-4fec-a7ab-7fc2eb75a091'),
('4c04a693-6eec-4abd-9985-cc52f9c98474'),
('1ba436a3-aafb-4df1-bed9-d2c5dfdcde3f'),
('a014d12f-619c-401c-8144-c29bacf99f18'),
('5577e021-eb4e-47f3-8645-d2c2239ff79e'),
('f887d076-8380-4961-9c24-9905b55aa10d'),
('e49bf930-c2fe-4cd1-b5c0-5e642471dce1'),
('6e998750-ba29-4e35-86d3-a8ea5d65ec35'),
('2c2b274c-9900-4939-9216-68133ae70ee1'),
('ff324c4d-ea83-4211-8c75-5fffad3e0835'),
('f85d7942-edd4-411d-9ff1-beb9902938c7'),
('9954463e-13d9-4a95-8f75-32db50ebcbeb'),
('d5ec5745-d5d0-4fc7-9efe-130e9f607ace'),

('ca77c19d-53e4-419d-9a34-b0a5004372a7'),
('d853de87-e787-443f-a0be-40147e62d6c3'),
('40be6f1f-21a6-426f-ac6d-01b8505fb3a4'),
('755fc8be-4867-4a49-9a22-bd36367b6c44'),
('f8621a55-d31d-42e5-9429-193fea1360d6'),
('8a605121-b1da-42ee-8b94-aa44b461b56e'),
('d530a350-f7c5-4255-8af6-3cb9cec4efb8'),
('00af9c3e-bfa4-4233-a2c4-008de4c7b06d'),
('35028575-8014-4ba5-8685-eacd372b1996'),
('4c1b2364-8ccd-4350-82cc-21d8d880278b'),
('bcf650e7-2aac-4979-a068-44ce69360a96'),
('95bc7642-d3ed-4f87-b5a7-043c3e8ad795'),
('63e4d545-71c0-4dcd-af67-ed5b6450694e'),
('4a23efe2-1a21-447c-8b6f-b89dfe753e1c'),
('1ae40c1e-2731-4e70-9f30-c65b834eb56d'),
('4541036c-cfed-43bd-b232-3ad48e474de9');

INSERT INTO `ejournal`.`student_has_parents` (`student_id`, `parent_id`)
VALUES
('be3141ea-4ad3-4a94-82ef-d894bc6bb858', 'cc5dd496-6153-461b-a5f2-81f6d8033f1b'),
('3ddccae1-ada0-4fff-aff1-cb9b4166d6d7', 'f656129b-7712-4bc2-ae67-5abeebb17afa'),
('f3350cc0-9553-4322-a6ae-a84fc3b21de9', '1d6b47d4-bb6b-479d-bf85-5f9bd226bccc'),
('4df20a3e-4e8f-437e-8f6d-cfed65d35094', '47371c3a-c8a0-49a0-a9d7-2028de6df23c'),
('14cc166f-cf7b-4cc5-a72c-8975d33e603e', 'eba034aa-e35b-4520-9e7e-ce5ed9c65126'),
('f29e7bc4-d74a-41c8-a869-21f69270160a', 'd170ebc3-fb45-4fdd-b804-d084b6c09a97'),
('a8aa6b68-9c70-4052-b89d-508518bf418b', '94b6a42c-7b6b-48a5-9445-ae915be0f6cb'),
('0133d0cc-358c-4f87-b4e0-b7162dcff42c', '45e4f1e3-e1ab-4d5d-9b20-883afe593c04'),
('8b7e7fb1-3018-44b0-90ef-a69e367d3662', '51e50b2f-7449-46b1-a72b-b451d8728f34'),
('326aa40a-59c3-41ff-b2f9-61d179d066a4', '8f31f100-5c78-417d-a0d8-27f64b0d8c72'),
('3a6a960f-f2f3-41ab-bcdf-cc76c3c4726b', '735ad798-41fa-4131-90a4-5dea8aee9eed'),
('7f39e970-9dd4-4708-8247-5422784971bc', 'bcbf253f-41c4-4384-8b22-19dd32e54306'),
('383eb76b-1392-4c56-8af9-5c33cf22cbcb', 'b756cf41-9c84-4d54-8e1b-64c80cac7189'),
('28e62c28-7712-481a-9e44-e3526c93438d', 'bcb399cb-0ad9-4c3f-a1a1-a56a46af4b21'),
('e7ac9c3b-4f87-43ca-a10f-eb4ab4888844', 'd05d2ecd-ab0e-41a4-8de3-5805f662370e'),
('b95348b7-ff0b-482b-8866-304ff6a82d81', '13bcec2d-ede6-44af-8223-a1ad9a99efcd'),
('d6c4cc95-2149-4ca7-b489-1ee6d3775813', 'df9183e1-32bf-4faa-b4e1-9d68ff81421e'),
('af90b788-da47-440a-91e1-f37dfb8e95e2', 'f360d963-3264-4c01-bb54-f3a9baf67d11'),
('d3bb5bd1-541b-489c-864a-7cd290a23a9d', '95eafd0d-5566-41a6-b501-f91806e6ff6b'),
('43c5f9b2-c8b2-426c-99b1-740d6515ba72', 'dea97aa1-c94a-48dd-a3b0-bc81f2f76de6'),

('90dabf24-ea5c-420e-96e4-a13bad292d3f', 'e000619c-7f7e-4253-8f32-48c1ca18f073'),
('c4571bb5-5d5b-4595-85b2-cdb6afdaaa48', '8a103481-f710-4946-8d59-61bfec0cb104'),
('a8a2e603-1b40-45e8-a4e4-cef2ad70c1ae', 'f6299961-e5b5-44fc-ace5-57bb6278d9a9'),
('151470e2-7429-4b61-b09d-66f0b9758354', '31dd0ca1-2b57-4862-a5f5-196716fc2ef1'),
('f34d52b6-0be4-4e29-8e6f-ac569ada3ada', '60b983ac-10b8-48b6-9ff0-99bfedb92bf7'),
('83eacb20-a398-484c-a3b7-a983be631a4f', '6b9216b4-d9ec-489e-886d-bb3a108e3cc1'),
('c40c7654-37df-43a3-9ef3-34b14cc6ecd1', 'a84515fb-d522-4613-9ff8-391e33969bfb'),
('926c01bc-e258-4e7e-9be8-9c60a896f1dd', 'a3af5d54-d6ba-4331-9c92-c72b92245e63'),
('a51cf472-3992-4154-8c83-e9ba2f840d8b', '8c972524-301d-4a29-994a-f37afce565f0'),
('7016c166-aaa4-4645-b05f-3e9608ec2e75', '165ed452-82fb-4a33-b142-de1063871982'),
('49dd02b1-8cb3-40ec-b708-ed7f11a842b0', 'e5f7526c-064d-467c-8474-b81a383bacbf'),
('55e0dda8-01c9-449d-afbb-02900d1fe359', '560567a2-b11c-4a86-bbeb-0ead2cecbd01'),
('aa807b47-a69d-4848-b0e4-474a5caea753', 'ff5a44fe-57ac-4ec2-8b8f-634d31bb527a'),
('6d23f1ba-003a-47fc-b0d6-56f4b2236c62', 'd98cd513-eb39-42b0-8fe1-ff8963848ada'),
('90324fc4-772f-47b2-bb6b-dfbd39fcd94f', '014de494-64e7-4642-bd4a-91bf59ab8a34'),
('f79dbefb-a1a8-4938-bb77-3bd822eca16a', '230b190c-4cc9-4b06-a6e8-37fbc0b23894'),
('4ea369b4-2c56-4e0e-95e1-5cf5cc5a6657', '21a06119-38d6-45ee-a350-e4dc0a71962f'),
('f8eee5ae-51ba-4b41-8044-55bec3edfbb5', 'a6a7bb16-79c7-4806-853a-96a1bd6606cc'),
('d541d532-e7fa-4a3f-a67b-2ece82a3fdd9', '3b5261a6-ebde-43ac-bd3c-e51e511f2bff'),
('4aca53b1-10fa-409f-a9b8-d804ff58bc65', '1b162775-1d15-4f7a-a9a9-a62ce29252fc'),

('6c1b2951-80bb-4a16-a298-49899b2e9614', 'b3e8b0c9-5acd-42a0-87e5-b8de1e876d7d'),
('48f7e348-dc82-4e26-8967-44e0ef0d5812', '2ce931d4-ceca-4af4-bed0-098faa8c268d'),
('785f0077-2eaf-40a2-ae77-04fc76b4d04a', 'b902fa34-e0c6-45ef-82c0-e8eef7427dd1'),
('f9913b27-715a-461b-9cfe-778e7bb5a072', '838a9767-9e00-4204-90b8-482cd06bfbae'),
('9e93dafe-797c-4439-a9cf-79929bfb9f2b', '8f25b6da-1948-4c00-8009-a68c8b39c3b1'),
('c62884d4-6936-401b-859a-1260355440ca', '2c816a24-d71a-4825-814a-c977e3007cfa'),
('11272dee-4aa7-4907-9cf9-a1307bde44f0', 'e056d670-591c-4f32-92de-c58eba981d68'),
('c25cc448-b238-4bcc-af04-142ccb50e8b0', '0b8a0c94-891e-4bd8-8d81-a71dd7c92be6'),
('3f6893fa-e8b4-4ceb-b579-36140eb834a1', 'a165d2b3-578f-491e-a86b-831036260c55'),
('abe32158-ecbf-468d-b7dc-e35468f4ae12', 'e78d2cc4-1979-4de8-94df-f42aa1336f51'),
('7b04c0fb-23e2-4f26-b1d3-ede9d1d7fc0f', 'ca1861d9-36f5-450e-ac33-f6a5ccbe340b'),
('4f337a27-8309-4277-b3a8-4447c5e4f54d', '150cfb60-d0e7-4990-a847-1924d2f42f3a'),
('07083919-aa2d-4c51-b089-af857395669b', 'fce8ff95-4994-4af7-a736-bb2dfb96631b'),
('bae40dad-5827-4fbb-92d6-4c7e7ca7669b', '51ed077d-a227-4bc3-b2cd-0baaadb75e37'),
('380bb00e-f83e-4fa4-bdd6-460d0177b43c', 'e506fe57-7024-4d84-b9c6-d5cbb3cdd3e6'),
('ee80c447-aa8c-4647-801f-855f9e055655', 'acc5382a-2e6c-4149-bcc0-e83e91ba0ab5'),
('d1ff210a-2a26-42b0-aaeb-952e2ce8da8c', '182b62fe-f3a2-4606-b878-c32469f44812'),
('945bd47b-d4d1-4ddf-b9fc-e3d86ae9487c', '0d58c87f-d9ce-47f9-8619-fd8dd45e0f19'),
('384ec424-0d35-4a72-983b-ca3a3b3ce93c', '5ef300de-5093-457c-8669-e48ea6dbaab5'),
('2bc2a0f2-73f3-4f69-ada1-bf91de89352f', '84e85e8e-9bb5-4b2f-af09-3df7248e9219'),

('562ee5a5-780a-4bc6-8814-cfc3e6e6493e', '1204b918-81a0-4fbb-91e0-f01f2ceff78f'),
('c9bc2a35-b3a0-47d6-983e-af13b8142af9', 'b27c0e15-e6c9-487a-be97-6d81a4330ab8'),
('7dd43879-98b7-48d4-a02f-6d2b245e9e9d', '6798f308-3030-4d9f-a1c4-1d5a14f3d091'),
('c782f47e-138d-4bdb-b3ea-1f1350d46609', '60ca8654-4eff-48cc-9133-6738e65e0de0'),
('fe3ca1dc-9a1c-40a5-bca3-5b4f78d0b971', '4b34c9c2-0fbd-45dd-8cc0-7a99484e8433'),
('fea0e3ae-1a41-4004-80e0-2aa99cdf8bac', '30e28ab8-cb20-4f22-b8d3-f3de4c528e5c'),
('45ae489c-60bd-4022-ae0f-ea5d15c26359', '38525000-8e8e-4c00-a726-8448db0af69a'),
('dd0e6bbe-f734-4cd2-a314-a8599e1bef85', 'bb65fe54-86ff-4fec-a7ab-7fc2eb75a091'),
('04c25800-4b18-43d4-92cd-35eb85c7ee84', '4c04a693-6eec-4abd-9985-cc52f9c98474'),
('cb8cd203-74bc-4ad7-a28f-34b2052ffa1f', '1ba436a3-aafb-4df1-bed9-d2c5dfdcde3f'),
('15724ffc-fbf1-4bc1-be72-3e737e7b1ada', 'a014d12f-619c-401c-8144-c29bacf99f18'),
('3a61762d-4ba9-40b1-a201-2ea06b35c36c', '5577e021-eb4e-47f3-8645-d2c2239ff79e'),
('15f6de93-0ab3-4df7-b92e-e44f58dd42ea', 'f887d076-8380-4961-9c24-9905b55aa10d'),
('4a49837c-d3bc-458c-8fee-525b2a4f1533', 'e49bf930-c2fe-4cd1-b5c0-5e642471dce1'),
('038854cf-d9f3-4f35-9b0d-01204b23958d', '6e998750-ba29-4e35-86d3-a8ea5d65ec35'),
('6e1e1685-0d87-4b9d-affd-4944ed05af1a', '2c2b274c-9900-4939-9216-68133ae70ee1'),
('331ea376-52f6-424f-8f00-036a2c5f4ace', 'ff324c4d-ea83-4211-8c75-5fffad3e0835'),
('d9f40bc8-a329-4250-9dae-6e9168151129', 'f85d7942-edd4-411d-9ff1-beb9902938c7'),
('d9c8a1f3-05b7-4f1f-9f39-45b83d27f046', '9954463e-13d9-4a95-8f75-32db50ebcbeb'),
('2af773b2-8e72-489d-98ff-1120d8db2a0c', 'd5ec5745-d5d0-4fc7-9efe-130e9f607ace'),

('dca76e54-0e91-49ea-8884-89ff28c37e07', 'ca77c19d-53e4-419d-9a34-b0a5004372a7'),
('9930b28e-f134-4683-8f4f-b2a17e6c06dc', 'd853de87-e787-443f-a0be-40147e62d6c3'),
('fa2acbce-29a6-4637-9721-6a5e52e9df57', '40be6f1f-21a6-426f-ac6d-01b8505fb3a4'),
('a3a5d2d1-c4aa-4c7c-8755-21f41787f682', '755fc8be-4867-4a49-9a22-bd36367b6c44'),
('bb3eda5d-223c-429f-9336-54ee92ad86f6', 'f8621a55-d31d-42e5-9429-193fea1360d6'),
('586865c5-ccf3-4aa3-a818-3698a1f1f190', '8a605121-b1da-42ee-8b94-aa44b461b56e'),
('e7c155e1-bedd-43c0-8339-88e3f011124f', 'd530a350-f7c5-4255-8af6-3cb9cec4efb8'),
('de22bc9b-3b3f-4cc4-b912-62767fa0a0f6', '00af9c3e-bfa4-4233-a2c4-008de4c7b06d'),
('bcaa11bf-a07c-4ff8-835b-31786e04e5ba', '35028575-8014-4ba5-8685-eacd372b1996'),
('cc85c253-c45a-41e0-bc29-ec1ba468991e', '4c1b2364-8ccd-4350-82cc-21d8d880278b'),
('3f797581-dfce-44db-890c-2929e7c929f2', 'bcf650e7-2aac-4979-a068-44ce69360a96'),
('4837a748-718d-41a9-8033-c9132e902db8', '95bc7642-d3ed-4f87-b5a7-043c3e8ad795'),
('58ed9d64-0aa5-4388-a6fe-23844440d6b9', '63e4d545-71c0-4dcd-af67-ed5b6450694e'),
('434fe9c1-e03b-47c8-889b-6abf0c6407a4', '4a23efe2-1a21-447c-8b6f-b89dfe753e1c'),
('890b65d3-8789-43d9-beee-86d9ffc09ad5', '1ae40c1e-2731-4e70-9f30-c65b834eb56d'),
('87cb3ffc-2745-4d13-b1b2-92fefe6b9a9f', '4541036c-cfed-43bd-b232-3ad48e474de9');